Артикул;Наименование;Бренд;Николаевская обл.;Одесская обл;Запорожская обл.;Киевская обл.;Херсонская обл.;Цена;Валюта
"AL12";"Фильтр осушителя воздуха Mahle";"MAHLE FILTERS";">10";"1";"2";"8";"1";"13.50";"EUR"
"HX15";"Фильтр масляный Mahle";"MAHLE FILTERS";"2";"0";"0";"1";"0";"3.21";"EUR"
"HX46";"Фильтр АКПП Mahle";"MAHLE FILTERS";"0";"1";"1";"2";"0";"10.97";"EUR"
"HX81D";"Фильтр масляный АКПП";"MAHLE FILTERS";"3";"1";"2";"1";"1";"8.43";"EUR"
"HX84D";"Фильтр масляный АКПП";"MAHLE FILTERS";"1";"0";"0";"0";"0";"19.87";"EUR"
"KC100";"Фильтр топливный Mahle";"MAHLE FILTERS";"4";"0";"2";"8";"1";"7.65";"EUR"
"KC101";"Фильтр топливный Mahle";"MAHLE FILTERS";">10";"3";"1";"0";"1";"9.58";"EUR"
"KC101/1";"Фильтр топливный Mahle";"MAHLE FILTERS";">10";"6";"5";">10";"6";"10.40";"EUR"
"KC102";"Фильтр топливный Mahle";"MAHLE FILTERS";">10";"2";"4";"6";"3";"5.54";"EUR"
"KC103";"Фильтр топливный Mahle";"MAHLE FILTERS";"1";"0";"1";"0";"0";"8.29";"EUR"
"KC109";"Фильтр топливный Mahle";"MAHLE FILTERS";">10";"0";"1";"5";"2";"10.00";"EUR"
"KC116";"Фильтр топливный Mahle";"MAHLE FILTERS";"1";"1";"1";"2";"0";"14.04";"EUR"
"KC135";"Фильтр топливный Mahle";"MAHLE FILTERS";"7";"1";"1";">10";"2";"15.85";"EUR"
"KC140";"Фильтр топливный Mahle";"MAHLE FILTERS";"0";"0";"0";"2";"0";"14.81";"EUR"
"KC16";"Фильтр топливный Mahle";"MAHLE FILTERS";"1";"0";"0";"1";"0";"14.09";"EUR"
"KC161";"Фильтр топливный Mahle";"MAHLE FILTERS";"1";"0";"0";"1";"0";"12.08";"EUR"
"KC17";"Фильтр топливный Mahle";"MAHLE FILTERS";"2";"0";"0";"1";"0";"5.41";"EUR"
"KC171";"Фильтр топливный Mahle";"MAHLE FILTERS";"8";"1";"0";"5";"1";"20.83";"EUR"
"KC179";"Фильтр топливный Mahle";"MAHLE FILTERS";">10";"2";"1";"4";"2";"11.69";"EUR"
"KC18";"Фильтр топливный Mahle";"MAHLE FILTERS";">10";">10";"8";">10";">10";"5.21";"EUR"
"KC182";"Фильтр топливный Mahle";"MAHLE FILTERS";"0";"0";"0";"2";"0";"12.55";"EUR"
"KC183";"Фильтр топливный Mahle";"MAHLE FILTERS";">10";"1";"0";"4";"1";"7.51";"EUR"
"KC186";"Фильтр топливный Mahle";"MAHLE FILTERS";"3";"1";"0";"2";"1";"9.74";"EUR"
"KC188";"Фильтр топливный Mahle";"MAHLE FILTERS";"6";"1";"2";"2";"1";"9.70";"EUR"
"KC189";"Фильтр топливный Mahle";"MAHLE FILTERS";"0";"0";"0";"1";"0";"9.08";"EUR"
"KC191";"Фильтр топливный Mahle";"MAHLE FILTERS";"5";"1";"3";"6";"2";"8.39";"EUR"
"KC195";"Фильтр топливный Mahle KC196";"MAHLE FILTERS";"6";"1";"2";"2";"2";"16.31";"EUR"
"KC195/1";"Фильтр топливный";"MAHLE FILTERS";"0";"0";"0";"1";"0";"17.57";"EUR"
"KC197";"Фильтр топливный Mahle";"MAHLE FILTERS";"7";"2";"1";"2";"4";"8.93";"EUR"
"KC199";"Фильтр топливный Mahle";"MAHLE FILTERS";"3";"0";"0";"2";"0";"5.68";"EUR"
"KC20";"Фильтр топливный Mahle";"MAHLE FILTERS";"8";"2";"1";"1";"2";"3.44";"EUR"
"KC200";"Фильтр топливный Mahle";"MAHLE FILTERS";"7";"2";"2";"4";"1";"27.87";"EUR"
"KC208";"Фильтр топливный";"MAHLE FILTERS";">10";"1";"2";"5";"0";"8.46";"EUR"
"KC22";"Фильтр топливный Mahle";"MAHLE FILTERS";">10";"2";"2";"6";"3";"3.91";"EUR"
"KC223";"Фильтр топливный Mahle";"MAHLE FILTERS";"1";"0";"0";"0";"0";"25.67";"EUR"
"KC226";"Фильтр топливный Mahle";"MAHLE FILTERS";">10";"4";"4";">10";"4";"14.62";"EUR"
"KC24";"Фильтр топливный Mahle";"MAHLE FILTERS";">10";"1";"3";"6";"10";"3.18";"EUR"
"KC241D";"Фильтр топливный Mahle";"MAHLE FILTERS";"1";"0";"0";"0";"0";"33.31";"EUR"
"KC28";"Фильтр топливный Mahle";"MAHLE FILTERS";"4";"2";"1";"5";"3";"7.36";"EUR"
"KC38";"Фильтр топливный Mahle";"MAHLE FILTERS";"1";"0";"0";"0";"0";"9.76";"EUR"
"KC388D";"Фильтр топливный";"MAHLE FILTERS";"1";"1";"0";"0";"0";"10.74";"EUR"
"KC43";"Фильтр топливный Mahle";"MAHLE FILTERS";"1";"0";"0";"0";"0";"7.03";"EUR"
"KC46";"Фильтр топливный Mahle";"MAHLE FILTERS";">10";"2";"2";">10";"7";"6.93";"EUR"
"KC47";"Фильтр топливный Mahle";"MAHLE FILTERS";"1";"0";"0";"0";"0";"18.54";"EUR"
"KC5";"Фильтр топливный Mahle";"MAHLE FILTERS";">10";"3";"1";">10";"5";"3.76";"EUR"
"KC502";"Фильтр топливный Mahle";"MAHLE FILTERS";"1";"0";"0";"0";"0";"18.31";"EUR"
"KC59";"Фильтр топливный Mahle";"MAHLE FILTERS";"0";"0";"1";"0";"1";"6.68";"EUR"
"KC6";"Фильтр топливный Mahle";"MAHLE FILTERS";">10";"2";"2";"4";"2";"3.47";"EUR"
"KC63/1D";"Фильтр топливный Mahle MB Sprinter";"MAHLE FILTERS";">10";"7";"5";">10";"0";"4.71";"EUR"
"KC67";"Фильтр топливный Mahle";"MAHLE FILTERS";"3";"0";"1";"4";"1";"7.07";"EUR"
"KC68";"Фильтр топливный Mahle";"MAHLE FILTERS";"1";"0";"1";"0";"0";"6.03";"EUR"
"KC69";"Фильтр топливный Mahle";"MAHLE FILTERS";"2";"0";"0";"0";"2";"11.26";"EUR"
"KC80";"Фильтр топливный Mahle";"MAHLE FILTERS";"9";"1";"0";"3";"1";"9.72";"EUR"
"KC82";"Фильтр топливный Mahle";"MAHLE FILTERS";"0";"1";"0";"1";"1";"7.90";"EUR"
"KC83";"Фильтр топливный Mahle";"MAHLE FILTERS";">10";">10";"5";">10";"9";"9.82";"EUR"
"KC87D";"Фильтр топливный Mahle MB Sprinter";"MAHLE FILTERS";"0";"1";"0";"0";"0";"15.59";"EUR"
"KC90";"Фильтр топливный Mahle";"MAHLE FILTERS";">10";"3";"2";">10";"1";"12.78";"EUR"
"KC98";"Фильтр топливный Mahle";"MAHLE FILTERS";"6";"2";"2";"2";"1";"18.48";"EUR"
"KC98/1";"Фильтр топливный Mahle";"MAHLE FILTERS";"0";"0";"0";"1";"0";"18.54";"EUR"
"KL100/2";"Фильтр топливный Mahle MB Sprinter";"MAHLE FILTERS";">10";">10";">10";">10";">10";"10.71";"EUR"
"KL111";"Фильтр топливный Mahle";"MAHLE FILTERS";"1";"0";"0";"1";"0";"10.00";"EUR"
"KL115";"Фильтр топливный Mahle";"MAHLE FILTERS";"1";"0";"0";"0";"1";"10.57";"EUR"
"KL120";"Фильтр топливный Mahle";"MAHLE FILTERS";"0";"0";"0";"1";"0";"8.89";"EUR"
"KL121";"Фильтр топливный Mahle";"MAHLE FILTERS";"3";"1";"1";"2";"1";"10.72";"EUR"
"KL126";"Фильтр топливный Mahle";"MAHLE FILTERS";"4";"0";"0";"1";"0";"11.93";"EUR"
"KL131";"Фильтр топливный Mahle";"MAHLE FILTERS";"0";"0";"0";"1";"0";"18.74";"EUR"
"KL132";"Фильтр топливный Mahle";"MAHLE FILTERS";"1";"0";"0";"1";"0";"18.29";"EUR"
"KL134";"Фильтр топливный Mahle";"MAHLE FILTERS";"1";"1";"1";"1";"0";"10.90";"EUR"
"KL14";"Фильтр топливный Mahle";"MAHLE FILTERS";"0";"0";"1";"0";"0";"5.21";"EUR"
"KL143";"Фильтр топливный Mahle";"MAHLE FILTERS";"4";"0";"0";"1";"0";"13.55";"EUR"
"KL147/1D";"Фильтр топливный Mahle";"MAHLE FILTERS";"0";"0";"0";"1";"0";"14.12";"EUR"
"KL147D";"Фильтр топливный Mahle";"MAHLE FILTERS";">10";"7";"3";">10";">10";"10.11";"EUR"
"KL149";"Фильтр топливный Mahle";"MAHLE FILTERS";"0";"1";"0";"0";"0";"34.79";"EUR"
"KL154";"Фильтр топливный Mahle";"MAHLE FILTERS";">10";"3";"1";"3";"2";"17.69";"EUR"
"KL155/1";"Фильтр топливный Mahle";"MAHLE FILTERS";"1";"1";"0";"1";"0";"16.05";"EUR"
"KL156/1";"Фильтр топливный Mahle";"MAHLE FILTERS";"8";"0";"1";"3";"1";"13.26";"EUR"
"KL156/3";"Фильтр топливный Mahle";"MAHLE FILTERS";">10";"7";"2";">10";"5";"13.17";"EUR"
"KL159";"Фильтр топливный Mahle";"MAHLE FILTERS";"1";"0";"0";"0";"0";"9.66";"EUR"
"KL15OF";"Фильтр топливный Mahle";"MAHLE FILTERS";"1";"0";"0";"1";"0";"1.82";"EUR"
"KL160/1";"Фильтр топливный Mahle";"MAHLE FILTERS";">10";"0";"2";"1";"2";"19.38";"EUR"
"KL169/4D";"KL169/3D Фильтр топливный Mahle";"MAHLE FILTERS";">10";"0";"3";">10";"5";"18.43";"EUR"
"KL173";"Фильтр топливный Mahle";"MAHLE FILTERS";"0";"0";"0";"1";"0";"14.43";"EUR"
"KL174";"Фильтр топливный Mahle MB Sprinter";"MAHLE FILTERS";">10";"6";"1";">10";"2";"12.89";"EUR"
"KL176/6D";"Фильтр топливный Mahle";"MAHLE FILTERS";"7";"2";"1";"2";"1";"7.94";"EUR"
"KL179";"Фильтр топливный Mahle";"MAHLE FILTERS";"8";"2";"2";"2";"1";"10.40";"EUR"
"KL18";"Фильтр топливный Mahle";"MAHLE FILTERS";"0";"0";"1";"1";"0";"6.00";"EUR"
"KL181";"Фильтр топливный Mahle";"MAHLE FILTERS";"0";"1";"0";"1";"0";"9.20";"EUR"
"KL185";"Фильтр топливный Mahle";"MAHLE FILTERS";"8";"1";"1";"3";"1";"6.63";"EUR"
"KL188";"Фильтр топливный Mahle";"MAHLE FILTERS";"1";"0";"0";"1";"0";"17.07";"EUR"
"KL19";"Фильтр топливный Mahle";"MAHLE FILTERS";"4";"2";"0";"3";"1";"17.80";"EUR"
"KL195";"Фильтр топливный Mahle MB Sprinter";"MAHLE FILTERS";"1";"1";"2";"2";"0";"13.99";"EUR"
"KL196";"Фильтр топливный Mahle";"MAHLE FILTERS";"0";"0";"0";"1";"0";"15.70";"EUR"
"KL2";"Фильтр топливный Mahle";"MAHLE FILTERS";"9";"0";"2";">10";"1";"6.93";"EUR"
"KL204";"Фильтр топливный Mahle";"MAHLE FILTERS";"0";"0";"0";"1";"0";"14.94";"EUR"
"KL228/2D";"Фильтр топливный Mahle MB Sprinter";"MAHLE FILTERS";">10";"2";"3";">10";"0";"21.62";"EUR"
"KL229/2";"Фильтр топливный Mahle";"MAHLE FILTERS";">10";"2";"4";"3";"3";"18.79";"EUR"
"KL229/4";"Фильтр топливный Mahle";"MAHLE FILTERS";">10";"3";"4";"9";"6";"31.19";"EUR"
"KL232";"Фильтр топливный Mahle";"MAHLE FILTERS";"1";"0";"0";"1";"0";"13.39";"EUR"
"KL233/2";"Фильтр топливный Mahle";"MAHLE FILTERS";"2";"0";"0";"2";"0";"24.78";"EUR"
"KL245";"Фильтр топливный Mahle";"MAHLE FILTERS";"2";"0";"0";"1";"0";"18.18";"EUR"
"KL247";"Фильтр топливный Mahle";"MAHLE FILTERS";"1";"0";"0";"1";"0";"7.07";"EUR"
"KL248";"Фильтр топливный Mahle";"MAHLE FILTERS";"0";"0";"0";"0";"1";"5.62";"EUR"
"KL28";"Фильтр топливный Mahle";"MAHLE FILTERS";"1";"1";"1";"1";"1";"9.12";"EUR"
"KL29";"Фильтр топливный Mahle";"MAHLE FILTERS";"1";"0";"0";"1";"0";"12.88";"EUR"
"KL313";"Фильтр топливный Mahle MB Sprinter";"MAHLE FILTERS";">10";"3";"8";">10";"9";"13.38";"EUR"
"KL35";"Фильтр топливный Mahle";"MAHLE FILTERS";"0";"0";"0";"1";"0";"15.73";"EUR"
"KL36";"Фильтр топливный Mahle";"MAHLE FILTERS";"1";"0";"0";"0";"1";"10.19";"EUR"
"KL38";"Фильтр топливный Mahle";"MAHLE FILTERS";"1";"0";"2";"1";"0";"20.15";"EUR"
"KL404/25";"Фильтр топливный";"MAHLE FILTERS";"0";"0";"0";"1";"1";"15.47";"EUR"
"KL409";"Фильтр топливный Mahle";"MAHLE FILTERS";"2";"2";"0";"1";"0";"10.38";"EUR"
"KL41";"Фильтр топливный Mahle";"MAHLE FILTERS";"6";"1";"2";">10";"2";"8.71";"EUR"
"KL414";"Фильтр топливный Mahle";"MAHLE FILTERS";"1";"0";"0";"0";"0";"20.60";"EUR"
"KL416/1";"Фильтр топливный Mahle";"MAHLE FILTERS";"3";"0";"1";"2";"1";"7.35";"EUR"
"KL430";"Фильтр топливный Mahle KL631";"MAHLE FILTERS";"6";"3";"2";"2";"1";"16.74";"EUR"
"KL431";"Фильтр топливный Mahle";"MAHLE FILTERS";"7";"2";"1";"1";"2";"18.96";"EUR"
"KL436";"Фильтр топливный Mahle";"MAHLE FILTERS";"0";"1";"0";"1";"0";"9.01";"EUR"
"KL438";"Фильтр топливный Mahle";"MAHLE FILTERS";"2";"1";"0";"1";"0";"56.19";"EUR"
"KL440/14";"Фильтр топливный";"MAHLE FILTERS";"1";"0";"0";"1";"0";"34.84";"EUR"
"KL440/15";"Фильтр топливный";"MAHLE FILTERS";"0";"0";"0";"1";"0";"23.59";"EUR"
"KL440/18";"Фильтр топливный Mahle KL440/8";"MAHLE FILTERS";"1";"0";"1";"1";"0";"17.62";"EUR"
"KL440/19";"Фильтр топливный";"MAHLE FILTERS";"1";"0";"0";"0";"0";"26.61";"EUR"
"KL440/27";"Фильтр топливный";"MAHLE FILTERS";"1";"0";"0";"0";"0";"31.30";"EUR"
"KL440/6";"Фильтр топливный";"MAHLE FILTERS";"2";"1";"1";"2";"1";"23.64";"EUR"
"KL446";"Фильтр топливный Mahle";"MAHLE FILTERS";">10";"3";"2";">10";"0";"17.79";"EUR"
"KL456";"Фильтр топливный Mahle";"MAHLE FILTERS";"1";"1";"1";"3";"0";"20.11";"EUR"
"KL458";"Фильтр топливный Mahle";"MAHLE FILTERS";"4";"3";"2";"4";"0";"7.36";"EUR"
"KL470";"Фильтр топливный Mahle Aveo";"MAHLE FILTERS";"3";"2";"1";"2";"1";"4.91";"EUR"
"KL478";"Фильтр топливный Mahle";"MAHLE FILTERS";"0";"0";"0";"1";"0";"21.59";"EUR"
"KL483";"Фильтр топливный Mahle MB Sprinter";"MAHLE FILTERS";"0";"0";"0";"1";"0";"17.61";"EUR"
"KL487";"Фильтр топливный";"MAHLE FILTERS";"1";"0";"0";"0";"0";"9.91";"EUR"
"KL490/1D";"Фильтр топливный Mahle";"MAHLE FILTERS";"0";"0";"0";"1";"0";"32.94";"EUR"
"KL490D";"Фильтр топливный Mahle";"MAHLE FILTERS";"2";"0";"2";"1";"1";"30.73";"EUR"
"KL505";"Фильтр топливный Mahle";"MAHLE FILTERS";"0";"0";"0";"1";"0";"32.56";"EUR"
"KL510";"Фильтр топливный Mahle";"MAHLE FILTERS";"1";"0";"0";"0";"0";"7.76";"EUR"
"KL511";"Фильтр топливный Mahle";"MAHLE FILTERS";"0";"0";"1";"1";"1";"36.13";"EUR"
"KL536";"Фильтр топливный Mahle";"MAHLE FILTERS";"2";"1";"0";"3";"1";"34.40";"EUR"
"KL554";"Фильтр топливный Mahle";"MAHLE FILTERS";"1";"0";"0";"1";"1";"16.40";"EUR"
"KL558";"Фильтр топливный Mahle";"MAHLE FILTERS";"0";"0";"0";"1";"0";"18.24";"EUR"
"KL559";"Фильтр топливный Mahle";"MAHLE FILTERS";"1";"0";"0";"1";"0";"11.98";"EUR"
"KL566";"Фильтр топливный";"MAHLE FILTERS";"1";"0";"0";"1";"0";"40.78";"EUR"
"KL567";"Фильтр топливный Mahle";"MAHLE FILTERS";"3";"0";"0";"2";"0";"38.08";"EUR"
"KL571";"Фильтр топливный Mahle";"MAHLE FILTERS";"0";"0";"0";"1";"0";"13.72";"EUR"
"KL572";"Фильтр топливный Mahle";"MAHLE FILTERS";"9";"3";"3";"10";"3";"13.16";"EUR"
"KL573";"Фильтр топливный Mahle Lanos/Lacetti";"MAHLE FILTERS";"10";"0";"3";"2";"2";"4.97";"EUR"
"KL579D";"Фильтр топливный";"MAHLE FILTERS";"3";"1";"0";"2";"2";"20.67";"EUR"
"KL581";"Фильтр топливный";"MAHLE FILTERS";"8";"1";"1";"2";"1";"32.27";"EUR"
"KL592";"Фильтр топливный Mahle";"MAHLE FILTERS";"1";"0";"0";"0";"0";"18.27";"EUR"
"KL596";"Фильтр топливный Mahle";"MAHLE FILTERS";"5";"2";"1";"2";"1";"13.46";"EUR"
"KL600D";"Фильтр топливный";"MAHLE FILTERS";"0";"0";"0";"1";"0";"26.09";"EUR"
"KL61";"Фильтр топливный Mahle";"MAHLE FILTERS";"2";"0";"0";"1";"0";"7.58";"EUR"
"KL63";"Фильтр топливный Mahle";"MAHLE FILTERS";"0";"0";"0";"1";"0";"2.76";"EUR"
"KL632D";"Фильтр топливный";"MAHLE FILTERS";"0";"1";"0";"0";"0";"24.16";"EUR"
"KL638";"Фильтр топливный Mahle";"MAHLE FILTERS";">10";"2";"1";"3";"1";"18.55";"EUR"
"KL65";"Фильтр топливный Mahle MB Sprinter";"MAHLE FILTERS";"1";"0";"0";"1";"0";"16.49";"EUR"
"KL658";"Фильтр топливный";"MAHLE FILTERS";"1";"0";"0";"0";"0";"18.05";"EUR"
"KL659";"Фильтр топливный Mahle";"MAHLE FILTERS";"1";"0";"0";"1";"0";"32.11";"EUR"
"KL66";"Фильтр топливный Mahle";"MAHLE FILTERS";"4";"1";"1";"2";"2";"14.54";"EUR"
"KL705";"Фильтр топливный";"MAHLE FILTERS";"1";"1";"1";"1";"0";"20.32";"EUR"
"KL707";"Фильтр топливный";"MAHLE FILTERS";"1";"0";"0";"1";"0";"43.88";"EUR"
"KL71";"Фильтр топливный Mahle";"MAHLE FILTERS";"1";"0";"0";"0";"0";"13.92";"EUR"
"KL723D";"Фильтр топливный Mahle";"MAHLE FILTERS";">10";"3";"2";"3";"1";"21.25";"EUR"
"KL736/1D";"Фильтр топливный Mahle";"MAHLE FILTERS";"1";"0";"0";"0";"0";"20.54";"EUR"
"KL749";"Фильтр топливный Mahle";"MAHLE FILTERS";"0";"0";"0";"1";"0";"13.65";"EUR"
"KL75";"Фильтр топливный Mahle";"MAHLE FILTERS";">10";"1";"3";">10";"5";"8.52";"EUR"
"KL763D";"Фильтр топливный";"MAHLE FILTERS";"1";"0";"0";"0";"0";"21.77";"EUR"
"KL77";"Фильтр топливный Mahle";"MAHLE FILTERS";"1";"0";"0";"0";"0";"17.20";"EUR"
"KL779";"KL418 Фильтр топливный Mahle";"MAHLE FILTERS";"2";"1";"0";"2";"1";"30.40";"EUR"
"KL780";"Фильтр топливный Mahle";"MAHLE FILTERS";"1";"0";"0";"0";"0";"26.86";"EUR"
"KL79";"Фильтр топливный Mahle";"MAHLE FILTERS";">10";"7";"2";">10";"4";"5.59";"EUR"
"KL792";"Фильтр топливный Mahle";"MAHLE FILTERS";"0";"0";"0";"1";"0";"27.29";"EUR"
"KL82";"Фильтр топливный Mahle";"MAHLE FILTERS";"6";"0";"2";"3";"2";"39.74";"EUR"
"KL83";"Фильтр топливный Mahle Lanos";"MAHLE FILTERS";">10";"3";"3";">10";"2";"6.35";"EUR"
"KL834";"Фильтр топливный Mahle";"MAHLE FILTERS";"6";"2";"2";"5";"0";"21.93";"EUR"
"KL84";"Фильтр топливный Mahle";"MAHLE FILTERS";"2";"1";"3";"2";"1";"6.53";"EUR"
"KL85";"Фильтр топливный Mahle";"MAHLE FILTERS";"1";"0";"0";"0";"0";"10.90";"EUR"
"KL86";"Фильтр топливный Mahle";"MAHLE FILTERS";"1";"0";"0";"0";"0";"6.47";"EUR"
"KL88";"Фильтр топливный Mahle";"MAHLE FILTERS";"1";"1";"2";"1";"1";"11.03";"EUR"
"KL9";"Фильтр топливный Mahle";"MAHLE FILTERS";"3";"2";"1";"3";"1";"14.86";"EUR"
"KL96";"Фильтр топливный Mahle";"MAHLE FILTERS";"0";"1";"1";"1";"0";"44.14";"EUR"
"KL99";"Фильтр топливный Mahle";"MAHLE FILTERS";"3";"1";"0";"1";"0";"19.32";"EUR"
"KLH12";"Фильтр топливный Mahle";"MAHLE FILTERS";"2";"1";"0";"1";"0";"37.03";"EUR"
"KLH29/1";"Фильтр топливный Mahle";"MAHLE FILTERS";"0";"0";"0";"1";"0";"46.83";"EUR"
"KLH42";"Фильтр топливный Mahle";"MAHLE FILTERS";"0";"0";"0";"1";"0";"39.18";"EUR"
"KLH44/22";"Фильтр топливный";"MAHLE FILTERS";"1";"0";"0";"0";"0";"18.96";"EUR"
"KX178D";"Фильтр топливный Mahle";"MAHLE FILTERS";">10";"2";"2";"5";"1";"14.65";"EUR"
"KX181D";"Фильтр топливный Mahle";"MAHLE FILTERS";"4";"0";"0";"2";"0";"9.46";"EUR"
"KX183D";"Фильтр топливный Mahle";"MAHLE FILTERS";"4";"1";"0";"4";"1";"9.67";"EUR"
"KX191/1D";"Фильтр топливный Mahle";"MAHLE FILTERS";"6";"0";"1";"4";"2";"11.63";"EUR"
"KX192D";"Фильтр топливный Mahle";"MAHLE FILTERS";"2";"0";"2";"2";"1";"30.52";"EUR"
"KX201D";"Фильтр топливный Mahle";"MAHLE FILTERS";"5";"0";"2";"3";"1";"10.79";"EUR"
"KX204D";"Фильтр топливный Mahle";"MAHLE FILTERS";">10";"7";"6";">10";"7";"8.72";"EUR"
"KX206D";"KX83D Фильтр топливный Mahle";"MAHLE FILTERS";"1";"0";"0";"1";"2";"5.14";"EUR"
"KX208D";"Фильтр топливный Mahle";"MAHLE FILTERS";"6";"2";"3";"5";"2";"14.12";"EUR"
"KX217D";"Фильтр топливный Mahle";"MAHLE FILTERS";"1";"0";"0";"1";"0";"13.29";"EUR"
"KX218D";"Фильтр топливный Mahle";"MAHLE FILTERS";">10";"2";"1";"5";"2";"8.76";"EUR"
"KX220D";"Фильтр топливный Mahle";"MAHLE FILTERS";">10";"5";"3";">10";"6";"14.00";"EUR"
"KX222D";"Фильтр топливный";"MAHLE FILTERS";"2";"2";"2";"5";"0";"14.27";"EUR"
"KX228D";"Фильтр топливный Mahle";"MAHLE FILTERS";"8";"2";"2";"2";"2";"15.54";"EUR"
"KX229D";"Фильтр топливный Mahle";"MAHLE FILTERS";"1";"0";"1";"2";"0";"19.45";"EUR"
"KX23";"Фильтр топливный Mahle";"MAHLE FILTERS";"2";"0";"0";"5";"1";"3.14";"EUR"
"KX231D";"Фильтр топливный";"MAHLE FILTERS";"1";"0";"0";"0";"0";"6.07";"EUR"
"KX24";"Фильтр топливный Mahle";"MAHLE FILTERS";"1";"1";"1";"4";"0";"5.15";"EUR"
"KX266D";"Фильтр топливный";"MAHLE FILTERS";"1";"0";"0";"1";"0";"21.05";"EUR"
"KX268D";"Фильтр топливный Mahle";"MAHLE FILTERS";">10";"3";"2";"5";"1";"5.96";"EUR"
"KX331D";"Фильтр топливный Mahle";"MAHLE FILTERS";"4";"2";"1";"2";"1";"11.85";"EUR"
"KX338/22D";"Фильтр топливный Mahle";"MAHLE FILTERS";"0";"0";"0";"1";"0";"16.54";"EUR"
"KX338/26D";"Фильтр топливный Mahle";"MAHLE FILTERS";"0";"4";"2";"8";"6";"10.03";"EUR"
"KX341";"Фильтр топливный Mahle";"MAHLE FILTERS";"6";"2";"2";"2";"2";"22.81";"EUR"
"KX342";"Фильтр топливный Mahle";"MAHLE FILTERS";">10";"2";"1";"3";"2";"15.75";"EUR"
"KX36D";"Фильтр топливный Mahle";"MAHLE FILTERS";"0";"0";"0";"2";"0";"3.72";"EUR"
"KX386";"Фильтр топливный Mahle";"MAHLE FILTERS";"0";"0";"0";"1";"0";"16.95";"EUR"
"KX393D";"KX219D Фильтр топливный Mahle";"MAHLE FILTERS";"8";"1";"0";"2";"5";"17.96";"EUR"
"KX63/1";"Фильтр топливный Mahle";"MAHLE FILTERS";"0";"0";"1";"0";"0";"4.69";"EUR"
"KX65D";"Фильтр топливный Mahle";"MAHLE FILTERS";"2";"1";"0";"3";"1";"5.53";"EUR"
"KX67/2D";"Фильтр топливный Mahle";"MAHLE FILTERS";">10";"5";"1";">10";"1";"6.21";"EUR"
"KX68D";"Фильтр топливный Mahle";"MAHLE FILTERS";"1";"4";"2";"6";"1";"4.33";"EUR"
"KX70D";"Фильтр топливный Mahle";"MAHLE FILTERS";"10";"1";"1";"3";"2";"5.58";"EUR"
"KX72D1";"Фильтр топливный Mahle";"MAHLE FILTERS";"0";"0";"0";"1";"0";"2.46";"EUR"
"KX73/1D";"Фильтр топливный Mahle";"MAHLE FILTERS";"7";"2";"2";"2";"0";"8.99";"EUR"
"KX78D";"Фильтр топливный Mahle";"MAHLE FILTERS";"4";"1";"2";"2";"2";"6.19";"EUR"
"KX79D";"Фильтр топливный Mahle";"MAHLE FILTERS";"1";"0";"0";"1";"0";"5.96";"EUR"
"KX80D";"Фильтр топливный Mahle";"MAHLE FILTERS";"2";"1";"1";"1";"1";"9.89";"EUR"
"KX84D";"Фильтр топливный Mahle";"MAHLE FILTERS";"3";"2";"1";"5";"2";"6.97";"EUR"
"KX85D";"Фильтр топливный Mahle";"MAHLE FILTERS";">10";"1";"1";"0";"2";"9.67";"EUR"
"KX86/1D";"Фильтр топливный";"MAHLE FILTERS";"1";"0";"0";"0";"0";"16.08";"EUR"
"KX87D";"Фильтр топливный Mahle";"MAHLE FILTERS";"0";"1";"0";"2";"1";"8.85";"EUR"
"LA100";"Фильтр салонный Mahle";"MAHLE FILTERS";"0";"0";"1";"0";"0";"5.67";"EUR"
"LA107";"Фильтр салонный Mahle";"MAHLE FILTERS";"0";"0";"1";"0";"0";"7.38";"EUR"
"LA108";"Фильтр салонный Mahle";"MAHLE FILTERS";"1";"0";"2";"1";"0";"8.27";"EUR"
"LA117";"Фильтр салонный Mahle";"MAHLE FILTERS";"1";"2";"2";"2";"1";"6.24";"EUR"
"LA118";"Фильтр салонный Mahle";"MAHLE FILTERS";"1";"1";"0";"1";"0";"8.35";"EUR"
"LA119";"Фильтр салонный Mahle";"MAHLE FILTERS";"2";"0";"2";"1";"0";"6.60";"EUR"
"LA120";"Фильтр салонный Mahle";"MAHLE FILTERS";"4";"2";"1";"5";"3";"6.08";"EUR"
"LA121";"Фильтр салонный Mahle";"MAHLE FILTERS";"3";"0";"0";"3";"1";"12.85";"EUR"
"LA122";"Фильтр салонный Mahle";"MAHLE FILTERS";"2";"1";"0";"2";"1";"7.62";"EUR"
"LA130";"Фильтр салонный Mahle";"MAHLE FILTERS";"0";"0";"0";"1";"0";"8.16";"EUR"
"LA134";"Фильтр салонный Mahle";"MAHLE FILTERS";"1";"0";"0";"1";"0";"8.27";"EUR"
"LA138";"Фильтр салонный Mahle";"MAHLE FILTERS";"8";"1";"2";"1";"2";"7.57";"EUR"
"LA144";"Фильтр салонный Mahle";"MAHLE FILTERS";"2";"1";"1";"2";"1";"8.37";"EUR"
"LA157";"Фильтр салонный Mahle";"MAHLE FILTERS";"3";"1";"3";"2";"1";"5.63";"EUR"
"LA158";"Фильтр салонный Mahle";"MAHLE FILTERS";"7";"2";"3";"4";"2";"6.19";"EUR"
"LA167";"Фильтр салона";"MAHLE FILTERS";"0";"0";"0";"1";"0";"7.68";"EUR"
"LA169";"Фильтр салонный Mahle";"MAHLE FILTERS";"0";"0";"1";"1";"0";"9.80";"EUR"
"LA172";"Фильтр салонный Mahle";"MAHLE FILTERS";"1";"0";"0";"1";"0";"6.57";"EUR"
"LA175";"Фильтр салонный Mahle";"MAHLE FILTERS";"1";"0";"0";"0";"0";"8.56";"EUR"
"LA177";"Фильтр салонный Mahle";"MAHLE FILTERS";"1";"1";"0";"1";"0";"13.60";"EUR"
"LA18";"Фильтр салонный Mahle";"MAHLE FILTERS";"2";"1";"0";"2";"0";"11.52";"EUR"
"LA180";"Фильтр салона";"MAHLE FILTERS";"0";"0";"0";"1";"0";"11.69";"EUR"
"LA181";"Фильтр салонный Mahle";"MAHLE FILTERS";"1";"0";"2";"2";"4";"5.47";"EUR"
"LA182";"Фильтр салонный Mahle";"MAHLE FILTERS";"1";"1";"0";"1";"1";"5.63";"EUR"
"LA191/S";"Фильтр салонный Mahle";"MAHLE FILTERS";"1";"1";"1";"0";"0";"7.65";"EUR"
"LA195/S";"Фильтр салонный Mahle";"MAHLE FILTERS";"0";"0";"0";"1";"0";"9.03";"EUR"
"LA197";"Фильтр салонный Mahle";"MAHLE FILTERS";"0";"2";"1";"1";"1";"12.28";"EUR"
"LA21";"Фильтр салонный Mahle";"MAHLE FILTERS";"0";"0";"0";"1";"0";"6.62";"EUR"
"LA216";"Фильтр салонный Mahle";"MAHLE FILTERS";">10";"2";"2";"5";"2";"6.51";"EUR"
"LA220";"Фильтр салонный Mahle";"MAHLE FILTERS";"1";"0";"0";"0";"0";"8.43";"EUR"
"LA221/S";"Фильтр салонный Mahle";"MAHLE FILTERS";"3";"1";"1";"3";"2";"15.74";"EUR"
"LA226";"Фильтр салонный Mahle";"MAHLE FILTERS";"0";"0";"0";"1";"0";"6.64";"EUR"
"LA227";"Фильтр салонный Mahle";"MAHLE FILTERS";"3";"1";"2";"1";"1";"8.27";"EUR"
"LA229";"Фильтр салонный Mahle";"MAHLE FILTERS";"0";"0";"2";"6";"0";"9.73";"EUR"
"LA23";"Фильтр салона";"MAHLE FILTERS";"1";"0";"0";"1";"0";"11.50";"EUR"
"LA230";"Фильтр салонный Mahle";"MAHLE FILTERS";"7";"1";"1";"3";"2";"6.25";"EUR"
"LA241";"Фильтр салона";"MAHLE FILTERS";"0";"0";"1";"0";"0";"8.24";"EUR"
"LA248";"Фильтр салонный Mahle";"MAHLE FILTERS";"1";"0";"0";"0";"0";"13.37";"EUR"
"LA289";"Фильтр салонный Mahle";"MAHLE FILTERS";"2";"1";"1";"2";"1";"7.29";"EUR"
"LA290";"Фильтр салона";"MAHLE FILTERS";"4";"2";"2";"1";"1";"6.08";"EUR"
"LA296/S";"Фильтр салонный Mahle";"MAHLE FILTERS";"7";"0";"1";"3";"2";"6.73";"EUR"
"LA298";"Фильтр салонный Mahle";"MAHLE FILTERS";"2";"1";"1";"7";"1";"5.49";"EUR"
"LA301";"Фильтр салонный Mahle";"MAHLE FILTERS";"0";"0";"2";"2";"1";"7.29";"EUR"
"LA304";"Фильтр салонный Mahle";"MAHLE FILTERS";"1";"1";"2";"0";"0";"8.33";"EUR"
"LA31";"Фильтр салонный Mahle";"MAHLE FILTERS";"4";"2";"3";"3";"1";"3.78";"EUR"
"LA32/2";"Фильтр салонный Mahle";"MAHLE FILTERS";"0";"0";"0";"1";"0";"8.52";"EUR"
"LA343";"Фильтр салонный Mahle";"MAHLE FILTERS";"2";"1";"1";"2";"3";"7.11";"EUR"
"LA344";"Фильтр салонный Mahle";"MAHLE FILTERS";"1";"0";"0";"1";"0";"6.95";"EUR"
"LA346/S";"Фильтр салонный Mahle";"MAHLE FILTERS";"2";"1";"0";"1";"2";"9.99";"EUR"
"LA347";"Фильтр салонный Mahle";"MAHLE FILTERS";"1";"0";"0";"1";"0";"10.21";"EUR"
"LA36";"Фильтр салонный Mahle";"MAHLE FILTERS";"0";"0";"0";"1";"1";"6.42";"EUR"
"LA360";"Фильтр салона";"MAHLE FILTERS";"0";"0";"0";"1";"0";"21.13";"EUR"
"LA361";"Фильтр салонный AVEO";"MAHLE FILTERS";"3";"1";"2";"4";"0";"13.14";"EUR"
"LA362";"Фильтр салонный Lacetti/Nubira ll Mahle";"MAHLE FILTERS";"2";"1";"0";"1";"0";"11.13";"EUR"
"LA365/S";"Фильтр салона";"MAHLE FILTERS";"0";"0";"0";"1";"0";"11.62";"EUR"
"LA366/S";"Фильтр салонный Mahle";"MAHLE FILTERS";"1";"0";"0";"0";"0";"9.44";"EUR"
"LA368";"Фильтр салонный Mahle";"MAHLE FILTERS";"2";"0";"0";"1";"0";"14.91";"EUR"
"LA37";"Фильтр салонный Mahle";"MAHLE FILTERS";"4";"2";"0";"2";"1";"8.78";"EUR"
"LA371";"Фильтр салонный Mahle";"MAHLE FILTERS";"2";"0";"0";"1";"0";"7.12";"EUR"
"LA38";"Фильтр салона";"MAHLE FILTERS";"1";"0";"0";"1";"0";"7.47";"EUR"
"LA382";"Фильтр салона";"MAHLE FILTERS";"1";"1";"2";"3";"1";"11.69";"EUR"
"LA387";"Фильтр салонный Mahle";"MAHLE FILTERS";"1";"1";"0";"2";"0";"13.15";"EUR"
"LA39";"Фильтр салона";"MAHLE FILTERS";"0";"0";"0";"1";"0";"8.99";"EUR"
"LA392/S";"Фильтр салонный Mahle";"MAHLE FILTERS";"1";"1";"0";"1";"0";"15.45";"EUR"
"LA395";"Фильтр салонный Mahle";"MAHLE FILTERS";">10";"6";"2";"9";"3";"5.91";"EUR"
"LA396";"Фильтр салонный Mahle";"MAHLE FILTERS";"1";"1";"2";"1";"0";"6.79";"EUR"
"LA400";"Фильтр салонный Mahle";"MAHLE FILTERS";"1";"0";"0";"1";"0";"8.21";"EUR"
"LA408";"Фильтр салонный Mahle";"MAHLE FILTERS";"0";"0";"0";"2";"0";"9.89";"EUR"
"LA410";"Фильтр салонный Mahle";"MAHLE FILTERS";"2";"0";"0";"3";"0";"9.20";"EUR"
"LA411";"Фильтр салонный Mahle";"MAHLE FILTERS";"2";"1";"0";"1";"0";"13.98";"EUR"
"LA421";"Фильтр салонный Mahle";"MAHLE FILTERS";"3";"0";"0";"1";"0";"10.25";"EUR"
"LA424";"Фильтр салонный Mahle";"MAHLE FILTERS";"0";"0";"2";"3";"2";"9.53";"EUR"
"LA428/S";"Фильтр салонный Mahle";"MAHLE FILTERS";"1";"0";"0";"1";"1";"9.47";"EUR"
"LA430";"Фильтр салонный Mahle";"MAHLE FILTERS";"1";"0";"0";"1";"0";"11.55";"EUR"
"LA435";"Фильтр салона";"MAHLE FILTERS";"0";"0";"0";"0";"1";"8.97";"EUR"
"LA439";"Фильтр салона";"MAHLE FILTERS";"1";"0";"1";"1";"0";"7.36";"EUR"
"LA44";"Фильтр салонный Mahle";"MAHLE FILTERS";"1";"0";"0";"0";"0";"6.09";"EUR"
"LA441";"Фильтр салонный Mahle";"MAHLE FILTERS";"0";"0";"0";"1";"0";"8.78";"EUR"
"LA444/S";"Фильтр салонный Mahle";"MAHLE FILTERS";"1";"1";"0";"1";"0";"6.64";"EUR"
"LA447";"Фильтр салонный Mahle";"MAHLE FILTERS";"9";"2";"1";"3";"1";"9.66";"EUR"
"LA45";"Фильтр салонный Mahle";"MAHLE FILTERS";"0";"0";"0";"1";"0";"5.76";"EUR"
"LA457";"Фильтр салонный Mahle";"MAHLE FILTERS";"0";"1";"0";"1";"0";"10.76";"EUR"
"LA461";"Фильтр салонный Mahle";"MAHLE FILTERS";"3";"2";"0";"4";"0";"12.77";"EUR"
"LA464";"Фильтр салонный Mahle";"MAHLE FILTERS";"1";"0";"0";"1";"0";"9.78";"EUR"
"LA47/S";"Фильтр салонный Mahle";"MAHLE FILTERS";"0";"2";"1";"2";"1";"18.17";"EUR"
"LA471";"Фильтр салонный Mahle";"MAHLE FILTERS";"1";"0";"0";"1";"0";"6.84";"EUR"
"LA472";"Фильтр салона";"MAHLE FILTERS";"2";"1";"0";"1";"1";"8.15";"EUR"
"LA473";"Фильтр салонный Mahle";"MAHLE FILTERS";"0";"0";"0";"1";"0";"8.81";"EUR"
"LA477";"LA131 Фильтр салонный Mahle";"MAHLE FILTERS";"7";"4";"1";"2";"2";"6.58";"EUR"
"LA480";"Фильтр салонный Mahle";"MAHLE FILTERS";"1";"0";"0";"2";"1";"9.79";"EUR"
"LA484";"Фильтр салонный Mahle";"MAHLE FILTERS";"0";"0";"0";"1";"0";"5.79";"EUR"
"LA495";"Фильтр салонный Mahle";"MAHLE FILTERS";"0";"0";"0";"1";"0";"7.13";"EUR"
"LA50/1";"Фильтр салонный Mahle LA50";"MAHLE FILTERS";"0";"0";"0";"1";"0";"7.69";"EUR"
"LA501/S";"Фильтр салона";"MAHLE FILTERS";"2";"0";"0";"1";"0";"14.05";"EUR"
"LA502";"Фильтр салона";"MAHLE FILTERS";">10";"2";"0";">10";"1";"6.68";"EUR"
"LA51/S";"Фильтр салонный Mahle";"MAHLE FILTERS";"2";"0";"0";"1";"0";"19.39";"EUR"
"LA531";"Фильтр салона";"MAHLE FILTERS";"0";"0";"0";"1";"0";"11.64";"EUR"
"LA58";"Фильтр салонный Mahle";"MAHLE FILTERS";"1";"0";"0";"0";"0";"7.28";"EUR"
"LA634/S";"Фильтр салона";"MAHLE FILTERS";"1";"0";"0";"0";"0";"11.27";"EUR"
"LA65";"Фильтр салонный Mahle";"MAHLE FILTERS";"2";"0";"2";"3";"1";"8.95";"EUR"
"LA657";"Фильтр салонный Mahle";"MAHLE FILTERS";"1";"0";"0";"1";"0";"14.91";"EUR"
"LA682";"Фильтр салонный Mahle";"MAHLE FILTERS";"0";"0";"0";"1";"0";"9.58";"EUR"
"LA74";"Фильтр салонный Mahle";"MAHLE FILTERS";"1";"0";"0";"1";"0";"7.35";"EUR"
"LA745";"Фильтр салонный Mahle";"MAHLE FILTERS";"2";"0";"0";"1";"0";"10.25";"EUR"
"LA75";"Фильтр салонный Mahle";"MAHLE FILTERS";"0";"1";"0";"5";"1";"6.64";"EUR"
"LA751/S";"Фильтр салонный Mahle";"MAHLE FILTERS";"1";"0";"0";"1";"0";"16.57";"EUR"
"LA77";"Фильтр салонный Mahle";"MAHLE FILTERS";"0";"0";"0";"1";"0";"8.71";"EUR"
"LA78";"Фильтр салонный Mahle";"MAHLE FILTERS";"5";"1";"1";"2";"3";"6.84";"EUR"
"LA8";"Фильтр салонный Mahle";"MAHLE FILTERS";"0";"0";"0";"1";"0";"8.81";"EUR"
"LA80";"Фильтр салонный Mahle";"MAHLE FILTERS";"2";"1";"0";"1";"0";"11.76";"EUR"
"LA809";"Фильтр салонный Mahle";"MAHLE FILTERS";"1";"0";"0";"1";"0";"8.04";"EUR"
"LA82";"Фильтр салона";"MAHLE FILTERS";"0";"0";"0";"1";"0";"11.28";"EUR"
"LA83";"Фильтр салонный Mahle MB Sprinter";"MAHLE FILTERS";"2";"1";"3";"2";"2";"11.04";"EUR"
"LA833";"Фильтр салонный Mahle";"MAHLE FILTERS";"1";"0";"0";"1";"0";"9.96";"EUR"
"LA85";"Фильтр салонный Mahle";"MAHLE FILTERS";"6";"2";"2";"3";"1";"7.21";"EUR"
"LA87";"Фильтр салонный Mahle";"MAHLE FILTERS";"0";"0";"1";"5";"1";"4.09";"EUR"
"LA876";"Фильтр салонный Mahle";"MAHLE FILTERS";"1";"0";"0";"0";"0";"12.43";"EUR"
"LA888";"Фильтр салонный Mahle";"MAHLE FILTERS";"0";"0";"0";"1";"0";"5.92";"EUR"
"LA918";"Фильтр салонный Mahle";"MAHLE FILTERS";"0";"1";"2";"1";"1";"13.14";"EUR"
"LA947";"Фильтр салонный Mahle";"MAHLE FILTERS";"1";"0";"0";"0";"0";"9.75";"EUR"
"LAG113/S";"Фильтр салонный Mahle";"MAHLE FILTERS";"2";"1";"0";"1";"0";"12.14";"EUR"
"LAK102";"Фильтр салонный Mahle";"MAHLE FILTERS";"1";"0";"0";"1";"0";"19.91";"EUR"
"LAK120";"Фильтр салонный Mahle";"MAHLE FILTERS";"1";"1";"1";"0";"0";"10.63";"EUR"
"LAK124";"Фильтр салона";"MAHLE FILTERS";"1";"0";"0";"1";"0";"12.49";"EUR"
"LAK129";"Фильтр салонный Mahle";"MAHLE FILTERS";"2";"0";"0";"1";"1";"13.63";"EUR"
"LAK131";"Фильтр салонный Mahle";"MAHLE FILTERS";"8";"4";"1";"3";"4";"10.76";"EUR"
"LAK136";"Фильтр салонный Mahle";"MAHLE FILTERS";"0";"0";"0";"1";"0";"9.12";"EUR"
"LAK138";"Фильтр салонный Mahle";"MAHLE FILTERS";"2";"1";"1";"2";"1";"10.83";"EUR"
"LAK156";"Фильтр салонный Mahle";"MAHLE FILTERS";"0";"0";"1";"2";"1";"13.51";"EUR"
"LAK157";"Фильтр салонный Mahle";"MAHLE FILTERS";"0";"0";"0";"1";"0";"17.00";"EUR"
"LAK158";"Фильтр салонный Mahle";"MAHLE FILTERS";"4";"2";"1";"1";"1";"10.25";"EUR"
"LAK169";"Фильтр салонный Mahle";"MAHLE FILTERS";"2";"1";"1";"2";"1";"10.41";"EUR"
"LAK171";"Фильтр салона";"MAHLE FILTERS";"4";"1";"0";"2";"0";"19.67";"EUR"
"LAK173/S";"Фильтр салонный Mahle";"MAHLE FILTERS";"0";"0";"0";"1";"0";"30.46";"EUR"
"LAK176";"Фильтр салонный с активированным углем Mahle";"MAHLE FILTERS";"0";"0";"0";"1";"0";"20.67";"EUR"
"LAK181";"Фильтр салонный Mahle";"MAHLE FILTERS";">10";"9";"3";">10";">10";"7.46";"EUR"
"LAK182";"Фильтр салонный Mahle";"MAHLE FILTERS";">10";"6";"1";">10";"3";"10.41";"EUR"
"LAK197";"Фильтр салонный Mahle";"MAHLE FILTERS";"2";"1";"1";"2";"0";"17.75";"EUR"
"LAK220";"Фильтр салонный Mahle";"MAHLE FILTERS";"2";"1";"1";"1";"0";"10.41";"EUR"
"LAK221/S";"Фильтр салонный Mahle";"MAHLE FILTERS";"6";"2";"3";"3";"2";"20.07";"EUR"
"LAK229";"Фильтр салонный Mahle";"MAHLE FILTERS";"7";"1";"2";"4";"2";"12.84";"EUR"
"LAK230";"Фильтр салонный Mahle";"MAHLE FILTERS";"0";"0";"0";"1";"0";"15.32";"EUR"
"LAK232";"Фильтр салонный Mahle";"MAHLE FILTERS";"2";"1";"0";"1";"0";"11.45";"EUR"
"LAK246";"Фильтр салонный Mahle";"MAHLE FILTERS";"1";"0";"0";"0";"0";"34.31";"EUR"
"LAK247";"Фильтр салонный Mahle";"MAHLE FILTERS";"1";"0";"0";"2";"0";"11.49";"EUR"
"LAK248";"Фильтр салона";"MAHLE FILTERS";"5";"2";"0";"3";"1";"18.05";"EUR"
"LAK251";"Фильтр салонный Mahle";"MAHLE FILTERS";"0";"0";"0";"1";"1";"6.95";"EUR"
"LAK280";"Фильтр салонный Mahle";"MAHLE FILTERS";"1";"0";"0";"0";"2";"18.60";"EUR"
"LAK292/S";"Фильтр салонный Mahle";"MAHLE FILTERS";"0";"1";"0";"1";"0";"37.14";"EUR"
"LAK293";"Фильтр салонный Mahle";"MAHLE FILTERS";"1";"1";"0";"2";"1";"11.28";"EUR"
"LAK295/S";"Фильтр салонный Mahle";"MAHLE FILTERS";">10";"2";"1";"6";"4";"21.47";"EUR"
"LAK297";"Фильтр салона";"MAHLE FILTERS";"0";"0";"0";"1";"0";"17.56";"EUR"
"LAK307";"Фильтр салонный Mahle";"MAHLE FILTERS";"1";"3";"2";"2";"0";"10.64";"EUR"
"LAK31";"Фильтр салонный Mahle";"MAHLE FILTERS";"0";"0";"2";"2";"0";"9.88";"EUR"
"LAK32/1";"Фильтр салона";"MAHLE FILTERS";"0";"0";"0";"1";"0";"24.26";"EUR"
"LAK37";"Фильтр салонный Mahle";"MAHLE FILTERS";"0";"0";"0";"1";"0";"16.49";"EUR"
"LAK386";"Фильтр салонный Mahle";"MAHLE FILTERS";"0";"0";"0";"1";"0";"11.34";"EUR"
"LAK387";"Фильтр салонный Mahle";"MAHLE FILTERS";"10";"1";"1";"3";"2";"19.09";"EUR"
"LAK410";"Фильтр салона";"MAHLE FILTERS";"3";"1";"0";"1";"0";"10.24";"EUR"
"LAK412";"Фильтр салонный Mahle";"MAHLE FILTERS";"0";"0";"0";"1";"0";"12.25";"EUR"
"LAK413";"Фильтр салонный Mahle";"MAHLE FILTERS";"1";"2";"1";"1";"1";"22.03";"EUR"
"LAK428/S";"Фильтр салонный Mahle";"MAHLE FILTERS";"3";"1";"0";"1";"1";"11.56";"EUR"
"LAK436";"Фильтр салона";"MAHLE FILTERS";"4";"1";"1";"2";"1";"12.30";"EUR"
"LAK45";"Фильтр салонный с активированным углем Mahle";"MAHLE FILTERS";"1";"0";"0";"0";"0";"8.31";"EUR"
"LAK467/S";"Фильтр салонный Mahle";"MAHLE FILTERS";"2";"1";"1";"2";"1";"21.51";"EUR"
"LAK469";"Фильтр салонный Mahle";"MAHLE FILTERS";"0";"0";"0";"1";"0";"14.17";"EUR"
"LAK485";"Фильтр салонный Mahle";"MAHLE FILTERS";"4";"2";"1";"2";"0";"10.74";"EUR"
"LAK490";"Фильтр салонный Mahle";"MAHLE FILTERS";">10";"0";"1";">10";"6";"9.83";"EUR"
"LAK54";"Фильтр салона";"MAHLE FILTERS";"0";"1";"0";"3";"0";"13.37";"EUR"
"LAK56";"Фильтр салонный Mahle";"MAHLE FILTERS";"2";"0";"0";"1";"0";"8.42";"EUR"
"LAK58";"Фильтр салонный Mahle";"MAHLE FILTERS";"1";"0";"0";"1";"0";"14.62";"EUR"
"LAK589";"Фильтр салонный Mahle";"MAHLE FILTERS";"0";"0";"1";"1";"0";"13.92";"EUR"
"LAK616";"Фильтр салонный Mahle";"MAHLE FILTERS";"0";"0";"0";"1";"0";"11.80";"EUR"
"LAK63";"Фильтр салонный Mahle";"MAHLE FILTERS";"2";"1";"1";"2";"1";"8.37";"EUR"
"LAK630/S";"Фильтр салонный Mahle";"MAHLE FILTERS";"1";"0";"0";"1";"0";"22.51";"EUR"
"LAK686";"Фильтр салонный Mahle";"MAHLE FILTERS";"1";"0";"0";"0";"0";"12.01";"EUR"
"LAK70";"Фильтр салона Mahle";"MAHLE FILTERS";"1";"0";"0";"2";"0";"13.89";"EUR"
"LAK73/S";"Фильтр салонный Mahle";"MAHLE FILTERS";"1";"0";"1";"1";"0";"30.86";"EUR"
"LAK78";"Фильтр салонный Mahle";"MAHLE FILTERS";"0";"0";"0";"1";"0";"9.82";"EUR"
"LAK809";"Фильтр салонный Mahle";"MAHLE FILTERS";"0";"1";"0";"2";"0";"10.79";"EUR"
"LAK83";"Фильтр салонный Mahle";"MAHLE FILTERS";"2";"1";"0";"1";"0";"16.78";"EUR"
"LAK855";"Фильтр салонный Mahle";"MAHLE FILTERS";">10";"0";"2";"1";"2";"11.09";"EUR"
"LAK98";"Фильтр салонный с активированным углем Mahle";"MAHLE FILTERS";"1";"1";"0";"1";"0";"16.12";"EUR"
"LKK116/S";"Фильтр салонный Mahle";"MAHLE FILTERS";"0";"0";"0";"1";"0";"45.46";"EUR"
"LKK72/S";"Фильтр салонный Mahle";"MAHLE FILTERS";"1";"1";"0";"2";"0";"58.39";"EUR"
"LX1000";"Фильтр воздушный Mahle";"MAHLE FILTERS";"1";"0";"0";"0";"0";"8.72";"EUR"
"LX1001";"Фильтр воздушный Mahle";"MAHLE FILTERS";"2";"1";"0";"1";"1";"4.80";"EUR"
"LX1006/2D";"Фильтр воздушный Mahle";"MAHLE FILTERS";"1";"0";"1";"1";"1";"10.92";"EUR"
"LX1008/3";"Фильтр воздушный Mahle";"MAHLE FILTERS";"2";"2";"0";"2";"1";"8.36";"EUR"
"LX1020";"Фильтр воздушный Mahle";"MAHLE FILTERS";"0";"0";"0";"1";"0";"10.49";"EUR"
"LX1025";"Фильтр воздушный Mahle";"MAHLE FILTERS";"2";"1";"0";"1";"1";"46.13";"EUR"
"LX103";"Фильтр воздушный";"MAHLE FILTERS";"0";"0";"0";"1";"0";"8.07";"EUR"
"LX1030";"Фильтр воздушный Mahle";"MAHLE FILTERS";"2";"0";"1";"1";"2";"4.20";"EUR"
"LX1039";"Фильтр воздушный Mahle";"MAHLE FILTERS";"8";"1";"1";"1";"1";"3.87";"EUR"
"LX1041";"Фильтр воздушный Mahle";"MAHLE FILTERS";"4";"0";"0";"1";"0";"5.56";"EUR"
"LX1043";"Фильтр воздушный Mahle";"MAHLE FILTERS";"1";"0";"0";"0";"0";"5.34";"EUR"
"LX1044";"Фильтр воздушный Mahle";"MAHLE FILTERS";"0";"0";"0";"1";"0";"6.50";"EUR"
"LX1046";"Фильтр воздушный";"MAHLE FILTERS";"1";"0";"0";"0";"0";"6.56";"EUR"
"LX1049";"Фильтр воздушный Mahle";"MAHLE FILTERS";"5";"2";"1";"3";"0";"3.31";"EUR"
"LX105";"Фильтр воздушный Mahle";"MAHLE FILTERS";"1";"0";"0";"1";"0";"7.74";"EUR"
"LX106";"Фильтр воздушный Mahle";"MAHLE FILTERS";"3";"1";"0";"1";"0";"10.82";"EUR"
"LX1075";"Фильтр воздушный Mahle";"MAHLE FILTERS";"1";"0";"0";"0";"0";"6.63";"EUR"
"LX1076";"Фильтр воздушный Mahle";"MAHLE FILTERS";">10";"9";"1";"4";"1";"5.30";"EUR"
"LX1080";"Фильтр воздушный Mahle";"MAHLE FILTERS";"1";"0";"1";"2";"1";"8.17";"EUR"
"LX112";"Фильтр воздушный";"MAHLE FILTERS";"0";"0";"0";"1";"0";"4.08";"EUR"
"LX114";"Фильтр воздушный Mahle";"MAHLE FILTERS";"0";"0";"1";"0";"0";"11.13";"EUR"
"LX1140";"Фильтр воздушный Mahle";"MAHLE FILTERS";"1";"0";"0";"0";"0";"9.92";"EUR"
"LX1143";"Фильтр воздушный Mahle";"MAHLE FILTERS";"0";"1";"0";"1";"0";"5.93";"EUR"
"LX117";"Фильтр воздушный Mahle";"MAHLE FILTERS";"6";"0";"0";"4";"1";"3.92";"EUR"
"LX119";"Фильтр воздушный Mahle";"MAHLE FILTERS";"2";"1";"0";"1";"0";"8.98";"EUR"
"LX1211";"Фильтр воздушный Mahle";"MAHLE FILTERS";">10";"7";"7";">10";"7";"6.40";"EUR"
"LX1212";"Фильтр воздушный Mahle";"MAHLE FILTERS";"0";"0";"0";"2";"0";"13.44";"EUR"
"LX1216";"Фильтр воздушный Mahle";"MAHLE FILTERS";"4";"2";"1";"2";"1";"13.31";"EUR"
"LX1219";"Фильтр воздушный Mahle";"MAHLE FILTERS";"1";"0";"0";"2";"0";"22.41";"EUR"
"LX1249";"Фильтр воздушный Mahle";"MAHLE FILTERS";"1";"0";"0";"0";"0";"7.82";"EUR"
"LX1250";"Фильтр воздушный Mahle";"MAHLE FILTERS";"3";"0";"0";"1";"0";"11.96";"EUR"
"LX1253";"Фильтр воздушный Mahle";"MAHLE FILTERS";"0";"0";"0";"1";"2";"9.53";"EUR"
"LX1258";"Фильтр воздушный Mahle";"MAHLE FILTERS";"0";"0";"1";"1";"1";"6.51";"EUR"
"LX1262";"Фильтр воздушный Mahle";"MAHLE FILTERS";"1";"0";"0";"1";"0";"8.85";"EUR"
"LX1264/S";"Фильтр воздушный Mahle";"MAHLE FILTERS";"4";"1";"0";"1";"1";"13.57";"EUR"
"LX1266";"Фильтр воздушный Mahle";"MAHLE FILTERS";"7";"3";"1";"3";"2";"3.39";"EUR"
"LX1267";"Фильтр воздушный Mahle";"MAHLE FILTERS";"0";"0";"0";"1";"0";"18.21";"EUR"
"LX1268";"Фильтр воздушный Mahle";"MAHLE FILTERS";">10";"1";"1";"4";"2";"8.30";"EUR"
"LX1270";"Фильтр воздушный Mahle";"MAHLE FILTERS";"1";"0";"0";"1";"1";"7.65";"EUR"
"LX1272";"Фильтр воздушный Mahle";"MAHLE FILTERS";"4";"1";"0";"2";"2";"11.52";"EUR"
"LX1273";"Фильтр воздушный Mahle";"MAHLE FILTERS";"0";"0";"0";"1";"0";"18.01";"EUR"
"LX1275";"Фильтр воздушный Mahle";"MAHLE FILTERS";"0";"1";"0";"0";"0";"16.63";"EUR"
"LX1277";"Фильтр воздушный Mahle";"MAHLE FILTERS";"4";"0";"1";"2";"1";"16.45";"EUR"
"LX1282";"LX1569 Фильтр воздушный Mahle";"MAHLE FILTERS";"2";"1";"0";"2";"0";"7.73";"EUR"
"LX1286";"Фильтр воздушный Mahle";"MAHLE FILTERS";"1";"0";"1";"2";"1";"6.19";"EUR"
"LX1289/1";"Фильтр воздушный";"MAHLE FILTERS";"1";"0";"0";"1";"0";"11.23";"EUR"
"LX1294";"Фильтр воздушный Mahle";"MAHLE FILTERS";"0";"0";"1";"1";"0";"7.02";"EUR"
"LX1298";"Фильтр воздушный Mahle";"MAHLE FILTERS";"7";"2";"2";"6";"3";"4.83";"EUR"
"LX143";"Фильтр воздушный Mahle";"MAHLE FILTERS";"3";"0";"0";"1";"0";"4.90";"EUR"
"LX1452";"Фильтр воздушный Mahle";"MAHLE FILTERS";"2";"0";"0";"2";"1";"7.80";"EUR"
"LX1455";"Фильтр воздушный Mahle";"MAHLE FILTERS";"0";"0";"0";"1";"0";"8.38";"EUR"
"LX1457";"Фильтр воздушный Mahle";"MAHLE FILTERS";"0";"0";"0";"1";"0";"49.38";"EUR"
"LX1460";"Фильтр воздушный";"MAHLE FILTERS";"1";"0";"0";"0";"0";"24.11";"EUR"
"LX1465";"Фильтр воздушный Mahle";"MAHLE FILTERS";">10";"0";"2";"5";"1";"3.64";"EUR"
"LX147";"Фильтр воздушный Mahle";"MAHLE FILTERS";"0";"0";"0";"1";"0";"7.97";"EUR"
"LX1475";"Фильтр воздушный Mahle";"MAHLE FILTERS";"1";"0";"0";"1";"0";"8.46";"EUR"
"LX148";"Фильтр воздушный Mahle";"MAHLE FILTERS";"0";"0";"0";"1";"0";"7.01";"EUR"
"LX1482";"Фильтр воздушный Mahle";"MAHLE FILTERS";"0";"0";"0";"2";"0";"10.21";"EUR"
"LX1566";"Фильтр воздушный Mahle";"MAHLE FILTERS";">10";"5";"3";"7";"4";"9.56";"EUR"
"LX1566/1";"Фильтр воздушный Mahle";"MAHLE FILTERS";"0";"1";"1";"0";"1";"13.99";"EUR"
"LX1568";"Фильтр воздушный Mahle";"MAHLE FILTERS";"0";"0";"0";"1";"1";"6.17";"EUR"
"LX1570";"Фильтр воздушный Mahle";"MAHLE FILTERS";"0";"0";"0";"1";"0";"7.06";"EUR"
"LX1572";"Фильтр воздушный Mahle";"MAHLE FILTERS";"5";"1";"1";"2";"1";"8.59";"EUR"
"LX1573";"Фильтр воздушный Mahle";"MAHLE FILTERS";"7";"2";"3";">10";"3";"8.42";"EUR"
"LX1575";"Фильтр воздушный Mahle";"MAHLE FILTERS";"1";"0";"0";"1";"0";"3.19";"EUR"
"LX1583";"Фильтр воздушный Mahle";"MAHLE FILTERS";">10";"2";"2";">10";"1";"10.00";"EUR"
"LX1586";"Фильтр воздушный Mahle";"MAHLE FILTERS";"4";"2";"1";"2";"0";"7.07";"EUR"
"LX1591/2";"Фильтр воздушный Mahle";"MAHLE FILTERS";"1";"1";"0";"3";"0";"11.75";"EUR"
"LX1591/9";"Фильтр воздушный Mahle";"MAHLE FILTERS";"1";"0";"0";"0";"0";"13.92";"EUR"
"LX1593/2";"Фильтр воздушный Mahle";"MAHLE FILTERS";"1";"0";"0";"2";"1";"13.83";"EUR"
"LX1596";"Фильтр воздушный Mahle";"MAHLE FILTERS";"0";"0";"1";"0";"1";"10.07";"EUR"
"LX1607/1";"Фильтр воздушный Mahle";"MAHLE FILTERS";"6";"2";"1";"1";"2";"24.66";"EUR"
"LX1611";"Фильтр воздушный Mahle";"MAHLE FILTERS";"4";"0";"0";"2";"1";"7.76";"EUR"
"LX1612";"Фильтр воздушный Mahle";"MAHLE FILTERS";">10";"3";"3";"5";"4";"7.52";"EUR"
"LX1613";"Фильтр воздушный Mahle";"MAHLE FILTERS";"1";"0";"0";"0";"0";"15.92";"EUR"
"LX1617";"Фильтр воздушный Mahle";"MAHLE FILTERS";"0";"0";"0";"2";"0";"7.90";"EUR"
"LX1619";"Фильтр воздушный Mahle";"MAHLE FILTERS";"1";"0";"0";"1";"0";"8.08";"EUR"
"LX1625";"Фильтр воздушный Mahle";"MAHLE FILTERS";"1";"0";"0";"1";"0";"4.04";"EUR"
"LX1631";"Фильтр воздушный Mahle";"MAHLE FILTERS";">10";"7";"2";">10";"2";"3.70";"EUR"
"LX1634";"Фильтр воздушный Mahle";"MAHLE FILTERS";"2";"0";"0";"1";"0";"9.01";"EUR"
"LX1640";"Фильтр воздушный Mahle";"MAHLE FILTERS";"2";"1";"1";"6";"0";"18.92";"EUR"
"LX1651";"Фильтр воздушный Mahle";"MAHLE FILTERS";"1";"0";"0";"0";"0";"8.50";"EUR"
"LX1652";"Фильтр воздушный Mahle";"MAHLE FILTERS";"2";"0";"0";"2";"0";"6.79";"EUR"
"LX1656";"Фильтр воздушный Mahle";"MAHLE FILTERS";"4";"2";"0";"1";"0";"11.90";"EUR"
"LX1662";"Фильтр воздушный Mahle";"MAHLE FILTERS";"1";"0";"0";"2";"0";"8.57";"EUR"
"LX1684/5";"Фильтр воздушный Mahle";"MAHLE FILTERS";"4";"2";"3";"3";"1";"13.10";"EUR"
"LX1685/5";"Фильтр воздушный Mahle";"MAHLE FILTERS";"1";"2";"3";"0";"2";"13.10";"EUR"
"LX1686/1";"Фильтр воздушный Mahle";"MAHLE FILTERS";"1";"1";"2";"5";"0";"20.07";"EUR"
"LX1688";"Фильтр воздушный Mahle";"MAHLE FILTERS";"1";"2";"0";"1";"0";"10.64";"EUR"
"LX1691";"Фильтр воздушный Mahle";"MAHLE FILTERS";"1";"0";"1";"1";"0";"6.95";"EUR"
"LX1692";"Фильтр воздушный Mahle";"MAHLE FILTERS";"6";"1";"1";"2";"1";"6.24";"EUR"
"LX1700";"Фильтр воздушный Mahle";"MAHLE FILTERS";">10";"3";"1";"9";"2";"8.52";"EUR"
"LX1706";"Фильтр воздушный Mahle";"MAHLE FILTERS";"1";"0";"0";"1";"0";"6.66";"EUR"
"LX171";"Фильтр воздушный Mahle";"MAHLE FILTERS";"0";"0";"0";"0";"1";"3.23";"EUR"
"LX1741/1";"Фильтр воздушный";"MAHLE FILTERS";"1";"0";"0";"0";"0";"14.19";"EUR"
"LX1745";"Фильтр воздушный Mahle";"MAHLE FILTERS";"1";"0";"0";"1";"0";"8.50";"EUR"
"LX1748";"Фильтр воздушный Mahle";"MAHLE FILTERS";"2";"1";"1";"0";"1";"8.95";"EUR"
"LX1758";"Фильтр воздушный";"MAHLE FILTERS";"0";"0";"0";"1";"0";"6.37";"EUR"
"LX1764";"Фильтр воздушный Mahle";"MAHLE FILTERS";"1";"0";"0";"0";"1";"13.99";"EUR"
"LX1768";"Фильтр воздушный Mahle";"MAHLE FILTERS";"4";"2";"1";"2";"1";"4.83";"EUR"
"LX1780/3";"LX1780 Фильтр воздушный Mahle";"MAHLE FILTERS";"0";"0";"1";"0";"0";"8.66";"EUR"
"LX1785";"Фильтр воздушный Mahle";"MAHLE FILTERS";">10";"4";"3";"6";"2";"7.99";"EUR"
"LX1792";"Фильтр воздушный";"MAHLE FILTERS";"1";"0";"0";"0";"0";"8.21";"EUR"
"LX1805";"Фильтр воздушный Mahle";"MAHLE FILTERS";"1";"0";"0";"1";"0";"6.79";"EUR"
"LX1808";"Фильтр воздушный Mahle";"MAHLE FILTERS";"7";"2";"1";"3";"2";"4.46";"EUR"
"LX1809";"Фильтр воздушный Mahle";"MAHLE FILTERS";"1";"1";"0";"1";"0";"24.69";"EUR"
"LX1813";"Фильтр воздушный Mahle";"MAHLE FILTERS";"1";"0";"0";"1";"0";"10.00";"EUR"
"LX1825";"Фильтр воздушный Mahle";"MAHLE FILTERS";"8";"0";"0";"4";"1";"7.71";"EUR"
"LX1827";"Фильтр воздушный Mahle";"MAHLE FILTERS";"2";"2";"1";"4";"1";"6.69";"EUR"
"LX1833";"Фильтр воздушный Mahle";"MAHLE FILTERS";">10";"2";"1";"3";"2";"22.64";"EUR"
"LX1840";"Фильтр воздушный Mahle";"MAHLE FILTERS";"1";"0";"0";"0";"0";"5.14";"EUR"
"LX1845";"Фильтр воздушный Mahle";"MAHLE FILTERS";"0";"2";"0";"1";"0";"11.17";"EUR"
"LX1850/1";"Фильтр воздушный Mahle";"MAHLE FILTERS";"0";"0";"0";"1";"1";"12.46";"EUR"
"LX1850/2";"Фильтр воздушный Mahle";"MAHLE FILTERS";"0";"0";"0";"0";"1";"12.10";"EUR"
"LX1885";"Фильтр воздушный Mahle";"MAHLE FILTERS";"1";"1";"1";"3";"0";"8.83";"EUR"
"LX1915";"Фильтр воздушный Mahle AVEO";"MAHLE FILTERS";"2";"1";"1";"1";"0";"5.25";"EUR"
"LX1920";"Фильтр воздушный Mahle";"MAHLE FILTERS";"2";"0";"0";"1";"0";"9.99";"EUR"
"LX1921";"Фильтр воздушный Mahle";"MAHLE FILTERS";"6";"2";"1";"3";"2";"5.37";"EUR"
"LX1945";"Фильтр воздушный Mahle";"MAHLE FILTERS";"2";"2";"1";"1";"1";"7.72";"EUR"
"LX1953";"Фильтр воздушный Mahle";"MAHLE FILTERS";"4";"0";"2";"2";"0";"5.98";"EUR"
"LX1955";"Фильтр воздушный Mahle";"MAHLE FILTERS";"0";"1";"1";"1";"0";"6.31";"EUR"
"LX1968";"Фильтр воздушный Mahle";"MAHLE FILTERS";"1";"1";"1";"0";"0";"6.70";"EUR"
"LX1983";"Фильтр воздушный Mahle";"MAHLE FILTERS";">10";"3";"3";">10";"2";"5.20";"EUR"
"LX2010";"Фильтр воздушный Mahle";"MAHLE FILTERS";">10";"5";"2";"9";"0";"8.79";"EUR"
"LX202";"Фильтр воздушный Mahle";"MAHLE FILTERS";"0";"0";"0";"1";"0";"4.40";"EUR"
"LX2022";"Фильтр воздушный Mahle";"MAHLE FILTERS";"1";"0";"0";"1";"0";"8.88";"EUR"
"LX2023";"Фильтр воздушный Mahle";"MAHLE FILTERS";"0";"1";"0";"1";"0";"7.41";"EUR"
"LX2024";"Фильтр воздушный Mahle";"MAHLE FILTERS";"4";"2";"1";"1";"1";"9.82";"EUR"
"LX2024/1";"Фильтр воздушный Mahle";"MAHLE FILTERS";"0";"0";"0";"2";"0";"12.62";"EUR"
"LX2033";"Фильтр воздушный Mahle";"MAHLE FILTERS";"0";"0";"1";"0";"0";"7.34";"EUR"
"LX2034";"Фильтр воздушный";"MAHLE FILTERS";"1";"0";"0";"0";"0";"6.76";"EUR"
"LX2036";"Фильтр воздушный Mahle";"MAHLE FILTERS";"1";"0";"0";"1";"0";"14.01";"EUR"
"LX2037";"Фильтр воздушный";"MAHLE FILTERS";"1";"0";"1";"1";"0";"31.91";"EUR"
"LX2046";"Фильтр воздушный Mahle";"MAHLE FILTERS";"10";"2";"3";"2";"3";"9.77";"EUR"
"LX2048";"Фильтр воздушный Mahle";"MAHLE FILTERS";"2";"1";"1";"1";"0";"10.10";"EUR"
"LX2049/4";"Фильтр воздушный Mahle";"MAHLE FILTERS";"1";"0";"1";"0";"0";"11.28";"EUR"
"LX2061/1";"Фильтр воздушный Mahle";"MAHLE FILTERS";"1";"0";"0";"1";"0";"8.54";"EUR"
"LX2065/1";"Фильтр воздушный Mahle";"MAHLE FILTERS";"0";"1";"1";"0";"0";"7.74";"EUR"
"LX2067";"Фильтр воздушный Mahle";"MAHLE FILTERS";"1";"0";"0";"1";"0";"17.12";"EUR"
"LX2077/3";"Фильтр воздушный";"MAHLE FILTERS";"0";"0";"0";"1";"0";"9.65";"EUR"
"LX2084";"Фильтр воздушный Mahle";"MAHLE FILTERS";"1";"0";"0";"1";"0";"8.53";"EUR"
"LX2092D";"Фильтр воздушный Mahle";"MAHLE FILTERS";"0";"0";"0";"1";"0";"10.86";"EUR"
"LX2097";"Фильтр воздушный Mahle";"MAHLE FILTERS";">10";"3";"2";"4";"1";"11.06";"EUR"
"LX2098";"Фильтр воздушный Mahle";"MAHLE FILTERS";">10";"3";"2";"6";"2";"10.76";"EUR"
"LX2123";"Фильтр воздушный Mahle";"MAHLE FILTERS";"2";"1";"0";"0";"0";"5.92";"EUR"
"LX218";"Фильтр воздушный Mahle";"MAHLE FILTERS";"2";"0";"0";"1";"0";"5.80";"EUR"
"LX220";"LX470 Фильтр воздушный Mahle Lada 110-112";"MAHLE FILTERS";"1";"3";"1";"3";"0";"7.10";"EUR"
"LX2525";"Фильтр воздушный Mahle";"MAHLE FILTERS";"0";"0";"0";"1";"0";"12.00";"EUR"
"LX259";"Фильтр воздушный Mahle";"MAHLE FILTERS";"0";"0";"0";"1";"0";"8.06";"EUR"
"LX2607/2";"Фильтр воздушный Mahle";"MAHLE FILTERS";"1";"0";"0";"0";"0";"10.80";"EUR"
"LX2612";"Фильтр воздушный";"MAHLE FILTERS";"0";"0";"2";"0";"1";"7.28";"EUR"
"LX2616";"Фильтр воздушный Mahle";"MAHLE FILTERS";"6";"1";"2";"10";"2";"10.18";"EUR"
"LX2631";"Фильтр воздушный Mahle";"MAHLE FILTERS";"3";"1";"0";"1";"2";"8.94";"EUR"
"LX2632";"Фильтр воздушный";"MAHLE FILTERS";"8";"1";"2";"6";"2";"5.10";"EUR"
"LX2633";"Фильтр воздушный Mahle";"MAHLE FILTERS";"2";"0";"1";"1";"1";"10.37";"EUR"
"LX2634";"Фильтр воздушный Mahle";"MAHLE FILTERS";"1";"1";"0";"0";"0";"11.88";"EUR"
"LX2637";"Фильтр воздушный";"MAHLE FILTERS";"9";"0";"0";"2";"0";"10.49";"EUR"
"LX2639";"Фильтр воздушный";"MAHLE FILTERS";"1";"0";"0";"0";"0";"8.55";"EUR"
"LX2641";"Фильтр воздушный Mahle";"MAHLE FILTERS";"1";"0";"0";"2";"0";"21.66";"EUR"
"LX2649";"Фильтр воздушный Mahle";"MAHLE FILTERS";"0";"0";"0";"1";"0";"5.57";"EUR"
"LX266";"Фильтр воздушный Mahle";"MAHLE FILTERS";"0";"0";"0";"1";"0";"3.76";"EUR"
"LX2672";"Фильтр воздушный Mahle";"MAHLE FILTERS";"9";"6";"3";"9";"1";"7.58";"EUR"
"LX2679";"Фильтр воздушный Mahle Lacetti";"MAHLE FILTERS";"4";"1";"1";"3";"2";"5.61";"EUR"
"LX2681";"Фильтр воздушный Mahle";"MAHLE FILTERS";">10";"1";"3";"10";"2";"8.61";"EUR"
"LX2682";"Фильтр воздушный Mahle";"MAHLE FILTERS";"1";"0";"0";"0";"0";"8.56";"EUR"
"LX2683";"Фильтр воздушный Mahle";"MAHLE FILTERS";"1";"0";"0";"1";"0";"11.27";"EUR"
"LX2688";"Фильтр воздушный Mahle";"MAHLE FILTERS";"9";"1";"1";"2";"1";"12.13";"EUR"
"LX2738";"Фильтр воздушный Mahle";"MAHLE FILTERS";"1";"0";"0";"0";"0";"8.34";"EUR"
"LX2739";"Фильтр воздушный Mahle";"MAHLE FILTERS";"1";"0";"0";"0";"0";"9.21";"EUR"
"LX2750";"Фильтр воздушный";"MAHLE FILTERS";"3";"0";"0";"1";"1";"25.36";"EUR"
"LX2752";"Фильтр воздушный Mahle";"MAHLE FILTERS";"10";"1";"2";"1";"1";"8.09";"EUR"
"LX2792";"Фильтр воздушный Mahle";"MAHLE FILTERS";"0";"0";"3";"1";"1";"7.48";"EUR"
"LX2808/1";"Фильтр воздушный";"MAHLE FILTERS";"1";"0";"0";"0";"0";"17.39";"EUR"
"LX2831";"Фильтр воздушный Mahle";"MAHLE FILTERS";"1";"0";"1";"0";"1";"9.53";"EUR"
"LX2832";"Фильтр воздушный Mahle";"MAHLE FILTERS";"2";"1";"1";"1";"2";"6.48";"EUR"
"LX2833";"Фильтр воздушный Mahle";"MAHLE FILTERS";"0";"2";"0";"1";"0";"10.45";"EUR"
"LX2834";"Фильтр воздушный";"MAHLE FILTERS";">10";"1";"2";"2";"2";"10.81";"EUR"
"LX2835";"Фильтр воздушный Mahle LX499";"MAHLE FILTERS";"1";"0";"0";"1";"0";"14.76";"EUR"
"LX2844";"LX994 Фильтр воздушный Mahle";"MAHLE FILTERS";"5";"3";"0";"1";"0";"7.29";"EUR"
"LX2864";"Фильтр воздушный Mahle";"MAHLE FILTERS";"1";"0";"0";"0";"0";"12.27";"EUR"
"LX2869";"Фильтр воздушный Mahle";"MAHLE FILTERS";"1";"0";"1";"2";"0";"12.01";"EUR"
"LX2882";"Фильтр воздушный Mahle";"MAHLE FILTERS";"1";"0";"0";"1";"1";"7.72";"EUR"
"LX2885";"Фильтр воздушный Mahle";"MAHLE FILTERS";"7";"2";"1";"5";"2";"9.11";"EUR"
"LX2887";"Фильтр воздушный Mahle";"MAHLE FILTERS";"0";"0";"0";"1";"0";"9.08";"EUR"
"LX2890";"Фильтр воздушный Mahle";"MAHLE FILTERS";"2";"1";"1";"1";"1";"6.48";"EUR"
"LX2956";"Фильтр воздушный";"MAHLE FILTERS";"0";"0";"0";"2";"1";"11.42";"EUR"
"LX296";"Фильтр воздушный Mahle";"MAHLE FILTERS";"6";"1";"3";"3";"2";"6.07";"EUR"
"LX2965";"Фильтр воздушный Mahle";"MAHLE FILTERS";"1";"0";"0";"0";"0";"12.04";"EUR"
"LX2992";"Фильтр воздушный Mahle";"MAHLE FILTERS";"0";"0";"0";"1";"0";"20.19";"EUR"
"LX2994";"Фильтр воздушный";"MAHLE FILTERS";"0";"0";"0";"1";"0";"20.44";"EUR"
"LX2995";"Фильтр воздушный";"MAHLE FILTERS";"9";"2";"1";"2";"1";"10.94";"EUR"
"LX3007";"Фильтр воздушный Mahle";"MAHLE FILTERS";"2";"1";"0";"1";"0";"17.14";"EUR"
"LX3014";"Фильтр воздушный Mahle";"MAHLE FILTERS";"1";"0";"0";"0";"0";"8.89";"EUR"
"LX3028";"Фильтр воздушный";"MAHLE FILTERS";"1";"0";"0";"0";"0";"11.50";"EUR"
"LX307";"Фильтр воздушный Mahle";"MAHLE FILTERS";">10";">10";"5";">10";">10";"3.86";"EUR"
"LX3138";"Фильтр воздушный Mahle";"MAHLE FILTERS";"1";"2";"1";"1";"0";"9.99";"EUR"
"LX3139";"Фильтр воздушный Mahle";"MAHLE FILTERS";"1";"0";"0";"0";"0";"13.08";"EUR"
"LX314";"Фильтр воздушный Mahle";"MAHLE FILTERS";"0";"0";"0";"0";"1";"12.02";"EUR"
"LX316";"Фильтр воздушный Mahle";"MAHLE FILTERS";"0";"0";"0";"1";"0";"5.53";"EUR"
"LX3243";"Фильтр воздушный Mahle";"MAHLE FILTERS";"1";"0";"0";"0";"0";"8.73";"EUR"
"LX3246";"Фильтр воздушный Mahle";"MAHLE FILTERS";"2";"1";"1";"2";"1";"13.16";"EUR"
"LX3282";"Фильтр воздушный Mahle";"MAHLE FILTERS";"1";"0";"0";"1";"0";"12.90";"EUR"
"LX3300";"Фильтр воздушный Mahle";"MAHLE FILTERS";"0";"0";"0";"1";"0";"14.58";"EUR"
"LX3344";"Фильтр воздушный Mahle";"MAHLE FILTERS";"0";"0";"0";"1";"0";"9.48";"EUR"
"LX335";"Фильтр воздушный Mahle";"MAHLE FILTERS";"1";"0";"0";"2";"0";"21.09";"EUR"
"LX343";"Фильтр воздушный Mahle";"MAHLE FILTERS";"0";"0";"1";"0";"0";"7.00";"EUR"
"LX346";"Фильтр воздушный Mahle";"MAHLE FILTERS";"2";"0";"0";"1";"0";"15.33";"EUR"
"LX347";"Фильтр воздушный Mahle";"MAHLE FILTERS";"0";"0";"0";"1";"0";"7.83";"EUR"
"LX3480";"LX776 Фильтр воздушный Mahle";"MAHLE FILTERS";">10";"2";"1";"3";"1";"46.55";"EUR"
"LX3502";"Фильтр воздушный Mahle";"MAHLE FILTERS";"1";"0";"0";"0";"0";"10.00";"EUR"
"LX3503";"Фильтр воздушный Mahle";"MAHLE FILTERS";"2";"0";"0";"2";"0";"9.96";"EUR"
"LX3525";"Фильтр воздушный Mahle";"MAHLE FILTERS";"0";"0";"1";"1";"0";"9.20";"EUR"
"LX3540";"Фильтр воздушный Mahle";"MAHLE FILTERS";"1";"0";"0";"0";"0";"22.34";"EUR"
"LX3541";"Фильтр воздушный Mahle";"MAHLE FILTERS";"1";"1";"0";"2";"0";"25.55";"EUR"
"LX36";"Фильтр воздушный Mahle";"MAHLE FILTERS";"0";"0";"0";"1";"0";"7.95";"EUR"
"LX388";"Фильтр воздушный Mahle";"MAHLE FILTERS";"0";"0";"0";"2";"0";"19.27";"EUR"
"LX408";"Фильтр воздушный Mahle";"MAHLE FILTERS";"2";"0";"0";"1";"0";"11.90";"EUR"
"LX417";"Фильтр воздушный Mahle";"MAHLE FILTERS";"0";"0";"0";"1";"0";"9.50";"EUR"
"LX418";"Фильтр воздушный Mahle";"MAHLE FILTERS";"0";"0";"0";"1";"0";"4.64";"EUR"
"LX422";"Фильтр воздушный Mahle";"MAHLE FILTERS";"0";"0";"0";"1";"0";"10.85";"EUR"
"LX425";"Фильтр воздушный";"MAHLE FILTERS";"0";"0";"0";"1";"0";"6.56";"EUR"
"LX430";"Фильтр воздушный Mahle";"MAHLE FILTERS";"2";"0";"0";"1";"0";"6.41";"EUR"
"LX436";"Фильтр воздушный Mahle";"MAHLE FILTERS";"0";"0";"0";"1";"0";"31.27";"EUR"
"LX449";"Фильтр воздушный Mahle";"MAHLE FILTERS";"0";"0";"0";"1";"0";"8.28";"EUR"
"LX467/1";"Фильтр воздушный Mahle";"MAHLE FILTERS";"0";"1";"0";"1";"0";"18.77";"EUR"
"LX469/1";"Фильтр воздушный Mahle";"MAHLE FILTERS";"0";"0";"0";"1";"0";"11.31";"EUR"
"LX478/1";"Фильтр воздушный Mahle";"MAHLE FILTERS";"0";"0";"0";"1";"0";"7.80";"EUR"
"LX486";"Фильтр воздушный Mahle";"MAHLE FILTERS";"1";"0";"0";"1";"0";"5.78";"EUR"
"LX49";"Фильтр воздушный Mahle";"MAHLE FILTERS";"3";"1";"0";"1";"0";"13.01";"EUR"
"LX494";"Фильтр воздушный Mahle";"MAHLE FILTERS";"0";"0";"1";"1";"0";"10.53";"EUR"
"LX496";"Фильтр воздушный Mahle";"MAHLE FILTERS";"0";"0";"0";"1";"0";"22.92";"EUR"
"LX50";"Фильтр воздушный Mahle";"MAHLE FILTERS";"2";"0";"0";"1";"0";"4.64";"EUR"
"LX500";"Фильтр воздушный Mahle";"MAHLE FILTERS";"0";"0";"0";"1";"0";"9.05";"EUR"
"LX504";"Фильтр воздушный Mahle";"MAHLE FILTERS";"5";"1";"0";"3";"2";"4.14";"EUR"
"LX506";"Фильтр воздушный Mahle";"MAHLE FILTERS";"4";"0";"0";"1";"0";"48.05";"EUR"
"LX511/1";"Фильтр воздушный Mahle MB Sprinter";"MAHLE FILTERS";">10";"8";">10";">10";">10";"10.83";"EUR"
"LX513/1";"Фильтр воздушный Mahle";"MAHLE FILTERS";"2";"1";"0";"1";"0";"18.85";"EUR"
"LX516";"Фильтр воздушный Mahle";"MAHLE FILTERS";"0";"0";"0";"1";"0";"6.53";"EUR"
"LX517";"Фильтр воздушный Mahle";"MAHLE FILTERS";"1";"2";"2";"1";"2";"10.70";"EUR"
"LX519";"Фильтр воздушный";"MAHLE FILTERS";"0";"0";"0";"1";"0";"7.61";"EUR"
"LX522";"Фильтр воздушный Mahle";"MAHLE FILTERS";"1";"1";"0";"1";"0";"7.16";"EUR"
"LX526";"Фильтр воздушный Mahle";"MAHLE FILTERS";"0";"0";"0";"1";"0";"10.14";"EUR"
"LX532";"Фильтр воздушный Mahle";"MAHLE FILTERS";"1";"1";"0";"1";"0";"4.53";"EUR"
"LX537";"Фильтр воздушный Mahle";"MAHLE FILTERS";"2";"1";"1";"3";"1";"8.44";"EUR"
"LX54";"Фильтр воздушный Mahle";"MAHLE FILTERS";"2";"2";"2";"2";"1";"4.50";"EUR"
"LX541";"Фильтр воздушный Mahle";"MAHLE FILTERS";"1";"0";"0";"1";"1";"5.32";"EUR"
"LX558";"Фильтр воздушный Mahle";"MAHLE FILTERS";"1";"0";"0";"1";"0";"13.15";"EUR"
"LX560/1";"Фильтр воздушный Mahle";"MAHLE FILTERS";"1";"0";"0";"1";"0";"33.21";"EUR"
"LX570";"Фильтр воздушный Mahle";"MAHLE FILTERS";"1";"0";"0";"1";"0";"7.07";"EUR"
"LX571/1";"Фильтр воздушный Mahle";"MAHLE FILTERS";"2";"0";"0";"2";"0";"8.26";"EUR"
"LX572";"Фильтр воздушный Mahle";"MAHLE FILTERS";">10";"2";"2";"4";"2";"5.63";"EUR"
"LX576";"Фильтр воздушный Mahle";"MAHLE FILTERS";"0";"0";"0";"1";"0";"16.79";"EUR"
"LX583";"Фильтр воздушный Mahle";"MAHLE FILTERS";"0";"0";"0";"1";"0";"5.52";"EUR"
"LX591";"Фильтр воздушный Mahle";"MAHLE FILTERS";"0";"0";"0";"1";"1";"5.63";"EUR"
"LX593/1";"Фильтр воздушный Mahle";"MAHLE FILTERS";"1";"1";"1";"1";"1";"9.14";"EUR"
"LX595";"Фильтр воздушный Mahle";"MAHLE FILTERS";"0";"0";"0";"1";"0";"4.76";"EUR"
"LX611";"Фильтр воздушный Mahle";"MAHLE FILTERS";"3";"2";"0";"2";"1";"13.11";"EUR"
"LX612";"Фильтр воздушный Mahle";"MAHLE FILTERS";"1";"0";"0";"1";"0";"37.25";"EUR"
"LX613";"Фильтр воздушный Mahle";"MAHLE FILTERS";"0";"0";"0";"1";"0";"5.98";"EUR"
"LX614";"Фильтр воздушный Mahle";"MAHLE FILTERS";"1";"0";"0";"0";"0";"5.34";"EUR"
"LX617";"Фильтр воздушный Mahle";"MAHLE FILTERS";"1";"0";"0";"1";"0";"12.16";"EUR"
"LX622";"Фильтр воздушный Mahle";"MAHLE FILTERS";">10";"5";"3";">10";"3";"5.34";"EUR"
"LX624";"Фильтр воздушный Mahle";"MAHLE FILTERS";"0";"0";"0";"1";"0";"6.22";"EUR"
"LX626";"Фильтр воздушный Mahle";"MAHLE FILTERS";"7";"0";"0";"2";"0";"43.36";"EUR"
"LX637";"Фильтр воздушный Mahle";"MAHLE FILTERS";"0";"0";"0";"1";"0";"11.49";"EUR"
"LX64";"Фильтр воздушный Mahle";"MAHLE FILTERS";"3";"0";"0";"1";"0";"4.43";"EUR"
"LX642";"Фильтр воздушный Mahle";"MAHLE FILTERS";"1";"0";"0";"0";"0";"6.37";"EUR"
"LX643";"Фильтр воздушный Mahle";"MAHLE FILTERS";"1";"0";"0";"0";"0";"5.57";"EUR"
"LX65";"Фильтр воздушный Mahle";"MAHLE FILTERS";">10";"0";"0";"3";"0";"4.48";"EUR"
"LX66";"Фильтр воздушный Mahle";"MAHLE FILTERS";"7";"0";"0";"2";"0";"8.72";"EUR"
"LX662";"Фильтр воздушный Mahle";"MAHLE FILTERS";"0";"0";"0";"1";"0";"8.09";"EUR"
"LX669";"Фильтр воздушный Mahle";"MAHLE FILTERS";"0";"0";"0";"2";"0";"9.67";"EUR"
"LX673";"Фильтр воздушный Mahle";"MAHLE FILTERS";"1";"0";"0";"2";"0";"10.69";"EUR"
"LX677";"Фильтр воздушный Mahle";"MAHLE FILTERS";"0";"0";"0";"1";"0";"10.99";"EUR"
"LX684";"Фильтр воздушный Mahle";"MAHLE FILTERS";"7";"2";"3";"4";"1";"5.95";"EUR"
"LX688";"Фильтр воздушный Mahle";"MAHLE FILTERS";"1";"0";"0";"1";"0";"12.18";"EUR"
"LX69";"Фильтр воздушный Mahle";"MAHLE FILTERS";"0";"0";"0";"1";"0";"3.05";"EUR"
"LX693/S";"Фильтр воздушный Mahle";"MAHLE FILTERS";"1";"0";"0";"3";"0";"17.85";"EUR"
"LX704/1";"Фильтр воздушный Mahle";"MAHLE FILTERS";">10";"1";"1";"8";"7";"7.56";"EUR"
"LX713";"Фильтр воздушный Mahle";"MAHLE FILTERS";"2";"0";"0";"1";"0";"39.62";"EUR"
"LX725";"Фильтр воздушный Mahle";"MAHLE FILTERS";"2";"0";"1";"1";"2";"3.56";"EUR"
"LX735";"Фильтр воздушный Mahle";"MAHLE FILTERS";"5";"2";"3";"3";"1";"5.49";"EUR"
"LX742/2";"Фильтр воздушный Mahle LX742";"MAHLE FILTERS";"2";"1";"0";"2";"0";"9.24";"EUR"
"LX744";"Фильтр воздушный Mahle";"MAHLE FILTERS";"0";"0";"0";"1";"0";"7.08";"EUR"
"LX752";"Фильтр воздушный Mahle";"MAHLE FILTERS";"0";"0";"0";"2";"1";"11.94";"EUR"
"LX754";"Фильтр воздушный Mahle";"MAHLE FILTERS";"0";"0";"0";"1";"0";"11.79";"EUR"
"LX756";"Фильтр воздушный Mahle";"MAHLE FILTERS";"7";"1";"1";"2";"3";"4.41";"EUR"
"LX759";"Фильтр воздушный Mahle";"MAHLE FILTERS";"0";"0";"0";"1";"0";"10.00";"EUR"
"LX773";"Фильтр воздушный Mahle";"MAHLE FILTERS";"4";"2";"2";"2";"1";"5.66";"EUR"
"LX786";"Фильтр воздушный Mahle";"MAHLE FILTERS";">10";"4";"3";">10";">10";"6.86";"EUR"
"LX791";"Фильтр воздушный Mahle";"MAHLE FILTERS";"7";"0";"0";"2";"0";"10.14";"EUR"
"LX792";"Фильтр воздушный Mahle";"MAHLE FILTERS";">10";"5";"4";">10";"7";"7.44";"EUR"
"LX793";"Фильтр воздушный Mahle";"MAHLE FILTERS";"7";"1";"0";"2";"2";"11.62";"EUR"
"LX798/1";"Фильтр воздушный Mahle";"MAHLE FILTERS";">10";"3";"2";"5";"1";"5.79";"EUR"
"LX80";"Фильтр воздушный Mahle";"MAHLE FILTERS";"1";"0";"0";"1";"0";"72.39";"EUR"
"LX800";"Фильтр воздушный Mahle";"MAHLE FILTERS";"2";"0";"0";"1";"0";"4.33";"EUR"
"LX804/S";"Фильтр воздушный Mahle";"MAHLE FILTERS";"7";"0";"2";"8";"2";"22.47";"EUR"
"LX805";"Фильтр воздушный Mahle";"MAHLE FILTERS";"0";"0";"2";"1";"0";"5.66";"EUR"
"LX807";"Фильтр воздушный Mahle";"MAHLE FILTERS";"0";"0";"0";"1";"0";"5.37";"EUR"
"LX809";"Фильтр воздушный Mahle";"MAHLE FILTERS";"1";"1";"0";"1";"1";"4.97";"EUR"
"LX81";"Фильтр воздушный Mahle";"MAHLE FILTERS";"1";"0";"0";"1";"0";"7.61";"EUR"
"LX810";"Фильтр воздушный Mahle";"MAHLE FILTERS";"10";"3";"2";"1";"2";"5.92";"EUR"
"LX811";"Фильтр воздушный Mahle";"MAHLE FILTERS";"0";"0";"0";"1";"0";"5.04";"EUR"
"LX813";"Фильтр воздушный Mahle";"MAHLE FILTERS";"1";"0";"1";"1";"1";"8.66";"EUR"
"LX816/4";"Фильтр воздушный Mahle";"MAHLE FILTERS";"0";"0";"0";"1";"0";"11.79";"EUR"
"LX816/5";"Фильтр воздушный Mahle";"MAHLE FILTERS";"0";"0";"1";"1";"1";"12.58";"EUR"
"LX818";"Фильтр воздушный Mahle";"MAHLE FILTERS";">10";"2";"2";">10";"3";"18.12";"EUR"
"LX819";"Фильтр воздушный Mahle";"MAHLE FILTERS";"0";"0";"1";"2";"0";"8.81";"EUR"
"LX823";"Фильтр воздушный Mahle";"MAHLE FILTERS";"0";"0";"0";"1";"0";"14.21";"EUR"
"LX824";"Фильтр воздушный Mahle";"MAHLE FILTERS";"3";"1";"0";"2";"1";"8.94";"EUR"
"LX827";"Фильтр воздушный Mahle Lanos";"MAHLE FILTERS";"3";"1";"5";"2";"2";"4.52";"EUR"
"LX828";"Фильтр воздушный Mahle";"MAHLE FILTERS";"1";"0";"0";"0";"0";"5.57";"EUR"
"LX829";"Фильтр воздушный Mahle";"MAHLE FILTERS";"1";"0";"0";"0";"0";"5.08";"EUR"
"LX832";"Фильтр воздушный Mahle";"MAHLE FILTERS";"2";"0";"0";"1";"0";"54.86";"EUR"
"LX846";"Фильтр воздушный Mahle";"MAHLE FILTERS";"0";"0";"1";"1";"1";"6.51";"EUR"
"LX852";"Фильтр воздушный Mahle";"MAHLE FILTERS";"0";"0";"0";"1";"0";"6.33";"EUR"
"LX853";"Фильтр воздушный Mahle";"MAHLE FILTERS";"1";"0";"0";"1";"0";"5.93";"EUR"
"LX855";"Фильтр воздушный Mahle";"MAHLE FILTERS";"1";"0";"0";"1";"0";"8.54";"EUR"
"LX857";"Фильтр воздушный Mahle";"MAHLE FILTERS";"0";"0";"0";"1";"0";"9.19";"EUR"
"LX862";"Фильтр воздушный Mahle";"MAHLE FILTERS";"1";"1";"0";"0";"0";"6.15";"EUR"
"LX864";"Фильтр воздушный Mahle";"MAHLE FILTERS";"3";"2";"1";"2";"2";"7.94";"EUR"
"LX876";"Фильтр воздушный Mahle";"MAHLE FILTERS";"2";"1";"0";"2";"0";"14.80";"EUR"
"LX877";"Фильтр воздушный Mahle";"MAHLE FILTERS";"4";"0";"0";"0";"2";"3.84";"EUR"
"LX883";"Фильтр воздушный Mahle";"MAHLE FILTERS";"1";"0";"0";"1";"0";"10.21";"EUR"
"LX920";"Фильтр воздушный Mahle";"MAHLE FILTERS";"0";"0";"0";"1";"0";"5.57";"EUR"
"LX935";"Фильтр воздушный Mahle";"MAHLE FILTERS";">10";"2";"1";"6";"3";"5.46";"EUR"
"LX936";"Фильтр воздушный Mahle";"MAHLE FILTERS";"1";"1";"2";"0";"0";"6.50";"EUR"
"LX939";"Фильтр воздушный Mahle";"MAHLE FILTERS";"1";"0";"0";"0";"0";"10.99";"EUR"
"LX941";"Фильтр воздушный Mahle";"MAHLE FILTERS";"0";"0";"1";"1";"0";"8.52";"EUR"
"LX944";"Фильтр воздушный Mahle";"MAHLE FILTERS";"5";"2";"2";"3";"1";"11.34";"EUR"
"LX946";"Фильтр воздушный Mahle";"MAHLE FILTERS";"1";"0";"0";"1";"0";"7.72";"EUR"
"LX957/3";"Фильтр воздушный Mahle";"MAHLE FILTERS";"0";"0";"2";"1";"0";"8.67";"EUR"
"LX96";"Фильтр воздушный Mahle";"MAHLE FILTERS";"0";"0";"0";"1";"0";"7.98";"EUR"
"LX97";"Фильтр воздушный Mahle";"MAHLE FILTERS";"1";"0";"0";"1";"0";"13.72";"EUR"
"LX977D";"Фильтр воздушный Mahle";"MAHLE FILTERS";"0";"0";"0";"2";"0";"8.92";"EUR"
"LX979";"Фильтр воздушный Mahle";"MAHLE FILTERS";"0";"0";"0";"1";"0";"10.25";"EUR"
"LX981";"Фильтр воздушный Mahle";"MAHLE FILTERS";"1";"1";"0";"1";"0";"13.26";"EUR"
"LX989";"Фильтр воздушный Mahle";"MAHLE FILTERS";"2";"1";"0";"1";"2";"5.47";"EUR"
"LX99";"Фильтр воздушный Mahle";"MAHLE FILTERS";"0";"0";"0";"1";"0";"18.26";"EUR"
"LX993";"Фильтр воздушный Mahle";"MAHLE FILTERS";"0";"0";"0";"1";"0";"7.66";"EUR"
"LX997";"Фильтр воздушный Mahle";"MAHLE FILTERS";"2";"1";"0";"1";"0";"8.24";"EUR"
"LX998";"Фильтр воздушный Mahle";"MAHLE FILTERS";"0";"0";"1";"1";"0";"7.69";"EUR"
"OC1";"Фильтр масляный Mahle";"MAHLE FILTERS";"0";"0";"0";"1";"0";"5.41";"EUR"
"OC100";"Фильтр масляный Mahle";"MAHLE FILTERS";">10";"4";"2";">10";"0";"4.07";"EUR"
"OC1014";"Фильтр масляный Mahle";"MAHLE FILTERS";"1";"0";"0";"1";"0";"5.38";"EUR"
"OC105";"Фильтр масляный Mahle";"MAHLE FILTERS";">10";"2";"3";">10";"5";"5.90";"EUR"
"OC1051";"OC244 Фильтр масляный Mahle";"MAHLE FILTERS";">10";"9";"7";">10";">10";"3.56";"EUR"
"OC1052";"Фильтр масляный Mahle";"MAHLE FILTERS";"0";"0";"1";"1";"3";"5.03";"EUR"
"OC1053";"Фильтр масляный Mahle";"MAHLE FILTERS";"4";"2";"0";"3";"1";"7.07";"EUR"
"OC1063";"OC466 Фильтр масляный Mahle";"MAHLE FILTERS";">10";"4";"3";"6";"7";"5.82";"EUR"
"OC109/1";"Фильтр масляный Mahle";"MAHLE FILTERS";"0";"0";"3";">10";"4";"2.61";"EUR"
"OC110";"Фильтр масляный Mahle";"MAHLE FILTERS";"4";"2";"1";"2";"0";"3.78";"EUR"
"OC110OF";"Фильтр масляный Mahle";"MAHLE FILTERS";"3";"2";"4";"2";"0";"4.14";"EUR"
"OC115";"OC617 Фильтр масляный Mahle";"MAHLE FILTERS";"8";"5";"2";"2";"1";"3.84";"EUR"
"OC120";"Фильтр масляный Mahle";"MAHLE FILTERS";"0";"0";"0";"1";"0";"3.72";"EUR"
"OC121";"Фильтр масляный Mahle";"MAHLE FILTERS";">10";">10";"2";">10";"5";"7.07";"EUR"
"OC133";"Фильтр масляный Mahle";"MAHLE FILTERS";"8";"0";"0";"3";"1";"5.98";"EUR"
"OC140";"Фильтр масляный Mahle";"MAHLE FILTERS";"6";"1";"1";"2";"1";"5.11";"EUR"
"OC194";"Фильтр масляный Mahle";"MAHLE FILTERS";"1";"0";"2";"3";"0";"5.01";"EUR"
"OC195";"OC285 Фильтр масляный Mahle";"MAHLE FILTERS";">10";">10";">10";">10";">10";"2.89";"EUR"
"OC196";"Фильтр масляный Mahle";"MAHLE FILTERS";">10";"10";">10";">10";">10";"3.00";"EUR"
"OC199";"Фильтр масляный Mahle";"MAHLE FILTERS";"0";"1";"0";"0";"0";"5.26";"EUR"
"OC203";"Фильтр масляный Mahle";"MAHLE FILTERS";">10";"3";"1";"2";"2";"4.48";"EUR"
"OC204";"Фильтр масляный Mahle";"MAHLE FILTERS";"1";"0";"1";"1";"1";"3.42";"EUR"
"OC205";"Фильтр масляный Mahle";"MAHLE FILTERS";">10";">10";"10";">10";"0";"3.25";"EUR"
"OC206";"Фильтр масляный Mahle";"MAHLE FILTERS";"4";"2";"1";"5";"1";"10.57";"EUR"
"OC214";"Фильтр масляный Mahle";"MAHLE FILTERS";"1";"0";"0";"0";"0";"10.97";"EUR"
"OC215";"Фильтр масляный Mahle";"MAHLE FILTERS";">10";"7";"2";">10";"9";"2.90";"EUR"
"OC217";"Фильтр масляный Mahle";"MAHLE FILTERS";">10";">10";"6";">10";">10";"3.16";"EUR"
"OC217/6";"OC217/5 Масляный фильтр";"MAHLE FILTERS";"6";"2";"1";"5";"0";"3.62";"EUR"
"OC218";"Фильтр масляный Mahle";"MAHLE FILTERS";"9";"3";"3";">10";"0";"3.12";"EUR"
"OC221";"Фильтр масляный Mahle";"MAHLE FILTERS";"1";"0";"0";"0";"0";"6.20";"EUR"
"OC222";"Фильтр масляный Mahle";"MAHLE FILTERS";"1";"0";"0";"1";"0";"3.92";"EUR"
"OC230";"Фильтр масляный Mahle";"MAHLE FILTERS";"2";"0";"2";"7";"1";"3.54";"EUR"
"OC232";"Фильтр масляный Mahle";"MAHLE FILTERS";">10";"1";"0";">10";"10";"5.63";"EUR"
"OC236";"Фильтр масляный Mahle OC477";"MAHLE FILTERS";">10";"0";"1";"1";"3";"5.13";"EUR"
"OC23OF";"Фильтр масляный Mahle";"MAHLE FILTERS";">10";"1";"3";"5";"0";"3.45";"EUR"
"OC242";"Фильтр масляный Mahle";"MAHLE FILTERS";"1";"1";"0";"1";"0";"3.61";"EUR"
"OC248";"Фильтр масляный Mahle";"MAHLE FILTERS";">10";"4";"2";">10";"1";"10.07";"EUR"
"OC26";"Фильтр масляный Mahle";"MAHLE FILTERS";"0";"0";"0";"1";"0";"5.23";"EUR"
"OC262";"Фильтр масляный Mahle OC249";"MAHLE FILTERS";"0";"1";"1";"0";"1";"5.05";"EUR"
"OC264";"Фильтр масляный Mahle";"MAHLE FILTERS";">10";">10";"6";">10";">10";"3.97";"EUR"
"OC265";"Фильтр масляный";"MAHLE FILTERS";"1";"0";"0";"1";"0";"4.99";"EUR"
"OC267";"Фильтр масляный Mahle";"MAHLE FILTERS";"5";"3";"1";"2";"2";"10.92";"EUR"
"OC271";"Фильтр масляный Mahle";"MAHLE FILTERS";"4";"0";"0";"1";"0";"4.30";"EUR"
"OC272";"Фильтр масляный Mahle";"MAHLE FILTERS";"0";"0";"0";"1";"0";"4.89";"EUR"
"OC273";"Фильтр масляный Mahle";"MAHLE FILTERS";"0";"0";"0";"1";"1";"6.85";"EUR"
"OC274";"Фильтр масляный Mahle";"MAHLE FILTERS";">10";">10";"4";">10";"9";"7.06";"EUR"
"OC275";"Фильтр масляный Mahle";"MAHLE FILTERS";">10";"4";"1";">10";"1";"8.27";"EUR"
"OC282";"Фильтр масляный Mahle";"MAHLE FILTERS";"6";"3";"1";"7";"1";"11.87";"EUR"
"OC286";"Фильтр масляный Mahle";"MAHLE FILTERS";"5";"1";"0";"1";"0";"6.24";"EUR"
"OC287";"Фильтр масляный Mahle";"MAHLE FILTERS";"1";"0";"0";"1";"0";"7.14";"EUR"
"OC289";"Фильтр масляный Mahle";"MAHLE FILTERS";"3";"2";"0";"3";"1";"21.22";"EUR"
"OC292";"Фильтр масляный Mahle";"MAHLE FILTERS";"1";"0";"0";"0";"0";"3.52";"EUR"
"OC295";"Фильтр масляный Mahle";"MAHLE FILTERS";">10";">10";"2";">10";"6";"3.21";"EUR"
"OC297";"Фильтр масляный Mahle";"MAHLE FILTERS";">10";"3";"2";">10";"4";"12.20";"EUR"
"OC30";"Фильтр масляный Mahle";"MAHLE FILTERS";"4";"4";"1";"0";"1";"6.38";"EUR"
"OC326";"Фильтр масляный Mahle";"MAHLE FILTERS";"1";"0";"0";"1";"0";"11.16";"EUR"
"OC33";"Фильтр масляный Mahle";"MAHLE FILTERS";"4";"1";"1";"3";"1";"4.29";"EUR"
"OC369";"Фильтр масляный Mahle";"MAHLE FILTERS";"2";"0";"0";"2";"0";"6.35";"EUR"
"OC37";"Фильтр масляный Mahle";"MAHLE FILTERS";"0";"0";"0";"1";"0";"6.64";"EUR"
"OC383";"Фильтр масляный Lada 2101-07 Mahle";"MAHLE FILTERS";">10";">10";">10";">10";">10";"2.39";"EUR"
"OC384";"Фильтр масляный Samara 2108-09 Mahle";"MAHLE FILTERS";">10";">10";">10";">10";">10";"2.40";"EUR"
"OC405/3";"Фильтр масляный Mahle";"MAHLE FILTERS";"9";"2";"3";"4";"3";"2.77";"EUR"
"OC456";"Фильтр масляный Mahle";"MAHLE FILTERS";">10";"4";"7";">10";">10";"7.65";"EUR"
"OC457";"Фильтр масляный Mahle";"MAHLE FILTERS";"1";"0";"0";"1";"0";"7.22";"EUR"
"OC458";"Фильтр масляный Mahle";"MAHLE FILTERS";"1";"1";"1";"1";"0";"5.57";"EUR"
"OC460";"Фильтр масляный Mahle";"MAHLE FILTERS";"3";"1";"1";"1";"0";"4.87";"EUR"
"OC467";"Фильтр масляный Mahle OC309";"MAHLE FILTERS";">10";">10";"4";">10";"10";"3.41";"EUR"
"OC47";"Фильтр масляный Mahle OC85";"MAHLE FILTERS";">10";"2";"2";"8";"3";"2.83";"EUR"
"OC470";"Фильтр масляный Mahle";"MAHLE FILTERS";">10";"3";"3";">10";"4";"6.48";"EUR"
"OC474";"Фильтр масляный Mahle";"MAHLE FILTERS";"2";"0";"0";"1";"1";"29.14";"EUR"
"OC475";"Фильтр масляный Mahle OC259";"MAHLE FILTERS";"0";"0";"0";"2";"0";"3.68";"EUR"
"OC476";"Фильтр масляный Mahle";"MAHLE FILTERS";"1";"1";"0";"1";"0";"8.94";"EUR"
"OC478";"Фильтр масляный Mahle";"MAHLE FILTERS";"0";"0";"4";">10";"0";"3.23";"EUR"
"OC479";"Фильтр масляный Mahle";"MAHLE FILTERS";"10";"2";"2";"2";"0";"4.53";"EUR"
"OC47OF";"Фильтр масляный Mahle";"MAHLE FILTERS";">10";"9";"3";">10";"3";"2.72";"EUR"
"OC485";"OC311 Фильтр масляный Mahle";"MAHLE FILTERS";"7";"3";"3";"10";"2";"7.72";"EUR"
"OC486";"Фильтр масляный Mahle";"MAHLE FILTERS";"4";"1";"0";"2";"1";"7.46";"EUR"
"OC501";"Фильтр масляный Mahle OC106/OC96/OC18/OC74";"MAHLE FILTERS";"0";"0";"0";"1";"1";"3.03";"EUR"
"OC503";"OC2 Фильтр топливный Mahle";"MAHLE FILTERS";"1";"0";"0";"1";"0";"6.00";"EUR"
"OC51";"Фильтр масляный Mahle";"MAHLE FILTERS";"0";"0";"2";">10";"0";"4.75";"EUR"
"OC51OF";"Фильтр масляный Mahle";"MAHLE FILTERS";">10";"0";"7";">10";">10";"3.90";"EUR"
"OC52";"Фильтр масляный Mahle";"MAHLE FILTERS";"1";"0";"0";"0";"0";"4.30";"EUR"
"OC526";"Фильтр масляный Mahle";"MAHLE FILTERS";">10";"4";"1";">10";"7";"4.65";"EUR"
"OC534";"OC216 Фильтр масляный Mahle";"MAHLE FILTERS";">10";"6";"5";">10";">10";"3.18";"EUR"
"OC535";"Фильтр масляный Mahle";"MAHLE FILTERS";"4";"1";"2";"6";"1";"5.87";"EUR"
"OC540";"Фильтр масляный Mahle";"MAHLE FILTERS";">10";"1";"1";"3";"3";"7.21";"EUR"
"OC570";"Фильтр масляный Mahle OC616";"MAHLE FILTERS";"0";"0";"1";"0";"1";"9.43";"EUR"
"OC571";"Фильтр масляный";"MAHLE FILTERS";"4";"1";"0";"2";"0";"9.56";"EUR"
"OC575";"Фильтр масляный";"MAHLE FILTERS";"5";"2";"4";"8";"0";"4.10";"EUR"
"OC582";"Фильтр масляный Mahle";"MAHLE FILTERS";"0";"0";"0";"1";"0";"9.44";"EUR"
"OC593/3";"Фильтр масляный Mahle";"MAHLE FILTERS";">10";"6";"3";"9";"4";"5.08";"EUR"
"OC593/4";"Фильтр масляный Mahle";"MAHLE FILTERS";"10";"1";"2";"3";"2";"6.63";"EUR"
"OC60";"Фильтр масляный Mahle";"MAHLE FILTERS";"0";"0";"1";"0";"0";"6.81";"EUR"
"OC601";"Фильтр масляный Mahle";"MAHLE FILTERS";"1";"1";"0";"1";"0";"6.66";"EUR"
"OC602";"Фильтр масляный Mahle";"MAHLE FILTERS";">10";"1";"1";"1";"2";"9.76";"EUR"
"OC606";"Фильтр масляный Mahle OC266";"MAHLE FILTERS";">10";">10";"5";">10";">10";"3.45";"EUR"
"OC614";"Фильтр масляный Mahle";"MAHLE FILTERS";"0";"2";"1";"4";"1";"5.85";"EUR"
"OC617";"OC115 Фильтр масляный Mahle";"MAHLE FILTERS";">10";">10";"9";">10";"9";"2.45";"EUR"
"OC65";"Фильтр масляный Mahle";"MAHLE FILTERS";"2";"0";"0";"1";"1";"5.57";"EUR"
"OC67";"Фильтр масляный Mahle";"MAHLE FILTERS";"4";"2";"0";"2";"1";"5.56";"EUR"
"OC727";"OC471 Фильтр масляный Mahle";"MAHLE FILTERS";"6";"6";"1";"2";"4";"4.57";"EUR"
"OC83";"Фильтр масляный Mahle";"MAHLE FILTERS";"0";"0";"0";"1";"0";"4.21";"EUR"
"OC90";"Фильтр масляный Mahle Lanos/Aveo";"MAHLE FILTERS";"0";"8";"0";"0";">10";"2.40";"EUR"
"OC90OF";"Фильтр масляный Mahle Lanos/Aveo";"MAHLE FILTERS";">10";">10";">10";">10";">10";"1.66";"EUR"
"OC93";"Фильтр масляный Mahle";"MAHLE FILTERS";"1";"0";"0";"2";"0";"3.39";"EUR"
"OC976";"Фильтр масляный Mahle OC310";"MAHLE FILTERS";">10";"3";"4";"3";"9";"3.22";"EUR"
"OC98";"Фильтр масляный Mahle";"MAHLE FILTERS";"3";"0";"0";"2";"0";"4.33";"EUR"
"OC981";"Фильтр масляный Mahle OC82 OC231";"MAHLE FILTERS";"0";"0";"0";"1";"3";"3.92";"EUR"
"OC983";"Фильтр масляный Mahle OC66";"MAHLE FILTERS";"9";"4";"2";"0";"1";"3.62";"EUR"
"OC986";"Фильтр масляный Mahle OC259";"MAHLE FILTERS";"2";"3";"1";"2";"1";"3.97";"EUR"
"OC99";"Фильтр масляный Mahle";"MAHLE FILTERS";"0";"0";"0";"1";"0";"4.75";"EUR"
"OC99OF";"Фильтр масляный Mahle";"MAHLE FILTERS";"2";"1";"0";"1";"1";"4.64";"EUR"
"OX103D";"Фильтр масляный Mahle";"MAHLE FILTERS";"0";"0";"0";"1";"0";"7.76";"EUR"
"OX121D";"Фильтр масляный Mahle";"MAHLE FILTERS";"1";"0";"0";"1";"0";"8.11";"EUR"
"OX122D";"Фильтр масляный Mahle";"MAHLE FILTERS";"1";"0";"0";"0";"1";"6.19";"EUR"
"OX123/1D";"Фильтр масляный Mahle MB Sprinter";"MAHLE FILTERS";">10";"5";"10";">10";"9";"5.10";"EUR"
"OX126D";"Фильтр масляный Mahle";"MAHLE FILTERS";"1";"1";"1";"1";"0";"7.42";"EUR"
"OX127/1D";"Фильтр масляный Mahle";"MAHLE FILTERS";">10";"0";"2";"2";"1";"4.66";"EUR"
"OX128/1D";"Фильтр масляный Mahle";"MAHLE FILTERS";"5";"1";"2";"0";"1";"8.53";"EUR"
"OX133D";"Фильтр масляный Mahle MB Sprinter";"MAHLE FILTERS";">10";">10";"4";">10";"8";"3.74";"EUR"
"OX137D";"Фильтр масляный Mahle";"MAHLE FILTERS";"2";"2";"2";"2";"2";"5.30";"EUR"
"OX137D2";"Фильтр масляный Mahle";"MAHLE FILTERS";"1";"0";"0";"0";"0";"7.32";"EUR"
"OX138D";"Фильтр масляный Mahle";"MAHLE FILTERS";"2";"0";"0";"1";"0";"3.67";"EUR"
"OX143D";"Фильтр масляный Mahle";"MAHLE FILTERS";"7";"9";"5";">10";"8";"3.47";"EUR"
"OX146D";"Фильтр масляный Mahle";"MAHLE FILTERS";"1";"1";"2";"5";"2";"7.14";"EUR"
"OX149D";"Фильтр масляный Mahle";"MAHLE FILTERS";"0";"0";"2";"0";"1";"4.19";"EUR"
"OX150D";"Фильтр масляный Mahle";"MAHLE FILTERS";"10";"3";"7";"6";"3";"4.87";"EUR"
"OX150D1";"Фильтр масляный Mahle";"MAHLE FILTERS";"0";"0";"0";"1";"0";"5.79";"EUR"
"OX153/7D";"Фильтр масляный Mahle MB Sprinter";"MAHLE FILTERS";">10";"7";"0";">10";"4";"4.50";"EUR"
"OX153/7D1";"Фильтр масляный Mahle";"MAHLE FILTERS";"8";"2";"1";"10";"0";"5.05";"EUR"
"OX153/7D2";"Фильтр масляный Mahle";"MAHLE FILTERS";">10";"2";"2";"9";"5";"8.61";"EUR"
"OX153D2";"Фильтр масляный Mahle";"MAHLE FILTERS";"0";"0";"0";"1";"0";"5.20";"EUR"
"OX153D3";"Фильтр масляный Mahle MB Sprinter";"MAHLE FILTERS";"0";"0";"3";">10";"0";"4.41";"EUR"
"OX154/1D";"Фильтр масляный Mahle";"MAHLE FILTERS";"1";"1";"1";"3";"0";"5.10";"EUR"
"OX156D";"Фильтр масляный Mahle";"MAHLE FILTERS";"10";"0";"1";"4";"2";"5.91";"EUR"
"OX160D";"Фильтр масляный Mahle";"MAHLE FILTERS";"7";"1";"2";"6";"1";"7.02";"EUR"
"OX161D";"Фильтр масляный Mahle";"MAHLE FILTERS";">10";"1";"1";">10";"3";"5.23";"EUR"
"OX163/4D";"Фильтр масляный Mahle OX163/1D";"MAHLE FILTERS";"9";"0";"1";"0";"2";"5.08";"EUR"
"OX164D";"Фильтр масляный Mahle";"MAHLE FILTERS";"2";"0";"1";"6";"1";"7.51";"EUR"
"OX166/1D";"Фильтр масляный Mahle";"MAHLE FILTERS";"3";"0";"1";"2";"1";"4.79";"EUR"
"OX169D";"Фильтр масляный Mahle";"MAHLE FILTERS";"2";"0";"2";"1";"1";"7.02";"EUR"
"OX171/2D";"Фильтр масляный Mahle";"MAHLE FILTERS";">10";"4";"3";">10";"5";"5.63";"EUR"
"OX173/1D";"Фильтр масляный Mahle";"MAHLE FILTERS";"0";"0";"2";"0";"0";"3.38";"EUR"
"OX173D";"Фильтр масляный Mahle";"MAHLE FILTERS";">10";"2";"3";"5";"3";"3.77";"EUR"
"OX174D";"Фильтр масляный Mahle";"MAHLE FILTERS";">10";"4";"2";"3";"4";"6.30";"EUR"
"OX177/3D";"Фильтр масляный Mahle";"MAHLE FILTERS";"9";"0";"1";"5";"2";"8.76";"EUR"
"OX179D";"Фильтр масляный Mahle";"MAHLE FILTERS";"0";"0";"0";"0";"2";"6.72";"EUR"
"OX182D";"Фильтр масляный Mahle";"MAHLE FILTERS";"2";"0";"0";"2";"1";"3.62";"EUR"
"OX183/5D1";"OX183/1D OEKO Фильтр масляный Mahle";"MAHLE FILTERS";"0";"0";"1";"0";"0";"6.23";"EUR"
"OX188D";"Фильтр масляный Mahle";"MAHLE FILTERS";">10";"5";">10";">10";">10";"4.19";"EUR"
"OX191D";"Фильтр масляный Mahle";"MAHLE FILTERS";">10";"10";"2";">10";"6";"4.75";"EUR"
"OX192D";"Масляный фильтр";"MAHLE FILTERS";"2";"1";"1";"3";"1";"3.07";"EUR"
"OX193D";"Фильтр масляный Mahle";"MAHLE FILTERS";"0";"1";"0";"1";"0";"4.12";"EUR"
"OX196/1D";"Фильтр масляный Mahle";"MAHLE FILTERS";"2";"0";"0";"0";"1";"6.53";"EUR"
"OX196/1D1";"Масляный фильтр";"MAHLE FILTERS";"1";"0";"0";"0";"0";"6.46";"EUR"
"OX196/3D";"Фильтр масляный Mahle";"MAHLE FILTERS";"6";"2";"1";"2";"3";"7.41";"EUR"
"OX201D";"OX145/1D Фильтр масляный Mahle";"MAHLE FILTERS";">10";"0";"1";"3";"0";"4.74";"EUR"
"OX203D";"Фильтр масляный Mahle";"MAHLE FILTERS";"6";"4";"4";"5";"1";"3.77";"EUR"
"OX210D";"Фильтр масляный Mahle";"MAHLE FILTERS";">10";"3";"2";">10";"0";"6.53";"EUR"
"OX254D1";"Фильтр масляный Mahle";"MAHLE FILTERS";"2";"0";"0";"1";"0";"7.58";"EUR"
"OX339/2D";"Фильтр масляный Mahle";"MAHLE FILTERS";">10";"7";"7";">10";">10";"5.05";"EUR"
"OX345/7D";"Фильтр масляный Mahle";"MAHLE FILTERS";">10";"1";"1";">10";"5";"10.11";"EUR"
"OX34D";"Фильтр масляный Mahle";"MAHLE FILTERS";"0";"0";"0";"1";"0";"5.49";"EUR"
"OX350/4D";"OX350D Фильтр масляный Mahle";"MAHLE FILTERS";"6";"2";"1";"5";"2";"13.65";"EUR"
"OX351D";"Фильтр масляный Mahle";"MAHLE FILTERS";"1";"2";"2";"1";"0";"5.53";"EUR"
"OX353/7D";"Фильтр масляный Mahle OX353/3D";"MAHLE FILTERS";"4";"1";"0";"3";"0";"8.76";"EUR"
"OX354D";"Фильтр масляный Mahle";"MAHLE FILTERS";"1";"0";"1";"0";"1";"11.78";"EUR"
"OX355/3D";"Фильтр масляный Mahle";"MAHLE FILTERS";"0";"0";"0";"1";"0";"11.57";"EUR"
"OX356D";"Фильтр масляный Mahle";"MAHLE FILTERS";"0";"1";"0";"0";"0";"8.42";"EUR"
"OX359D";"Фильтр масляный Mahle";"MAHLE FILTERS";"3";"1";"0";"2";"1";"14.80";"EUR"
"OX360D";"Фильтр масляный Mahle";"MAHLE FILTERS";"4";"1";"2";"3";"0";"4.98";"EUR"
"OX367D";"Фильтр масляный Mahle";"MAHLE FILTERS";"6";"1";"1";"2";"1";"7.54";"EUR"
"OX370D";"Фильтр масляный Mahle";"MAHLE FILTERS";">10";"3";"2";"3";"8";"7.88";"EUR"
"OX371D";"Фильтр масляный Mahle";"MAHLE FILTERS";"0";"0";"2";"0";"0";"5.71";"EUR"
"OX377D";"Фильтр масляный Mahle";"MAHLE FILTERS";"9";"3";"1";"5";"2";"8.52";"EUR"
"OX379D";"Фильтр масляный Mahle";"MAHLE FILTERS";"7";"1";"3";"9";"4";"6.92";"EUR"
"OX380D";"Фильтр масляный Mahle";"MAHLE FILTERS";">10";"5";"4";">10";"0";"6.02";"EUR"
"OX381D";"Фильтр масляный Mahle";"MAHLE FILTERS";"9";"1";"1";"2";"1";"7.79";"EUR"
"OX382D";"Фильтр масляный Mahle";"MAHLE FILTERS";"1";"1";"0";"1";"0";"3.90";"EUR"
"OX383D";"Фильтр масляный Mahle";"MAHLE FILTERS";"0";"0";"0";"1";"0";"7.36";"EUR"
"OX384D";"Фильтр масляный Mahle";"MAHLE FILTERS";">10";"2";"0";"2";"2";"7.05";"EUR"
"OX386D";"Фильтр масляный Mahle";"MAHLE FILTERS";"0";"0";"0";"1";"0";"6.76";"EUR"
"OX387D";"Фильтр масляный Mahle";"MAHLE FILTERS";"5";"4";"2";"2";"1";"5.35";"EUR"
"OX388D";"Фильтр масляный Mahle";"MAHLE FILTERS";">10";"8";"7";">10";">10";"4.11";"EUR"
"OX389/1D";"Фильтр масляный Mahle";"MAHLE FILTERS";"5";"0";"0";"2";"1";"7.51";"EUR"
"OX38D";"Фильтр масляный Mahle";"MAHLE FILTERS";">10";"4";"2";">10";"2";"5.37";"EUR"
"OX39D";"Фильтр масляный Mahle";"MAHLE FILTERS";"1";"0";"0";"2";"1";"8.29";"EUR"
"OX413D1";"Фильтр масляный Mahle";"MAHLE FILTERS";"6";"2";"3";"3";"1";"4.52";"EUR"
"OX413D2";"Фильтр масляный Mahle";"MAHLE FILTERS";"1";"0";"0";"0";"0";"6.74";"EUR"
"OX414D1";"Фильтр масляный Mahle";"MAHLE FILTERS";">10";">10";"1";">10";">10";"4.42";"EUR"
"OX415D";"Фильтр масляный Mahle";"MAHLE FILTERS";">10";"3";"1";"3";"1";"5.80";"EUR"
"OX416D1";"Фильтр масляный Mahle";"MAHLE FILTERS";"3";"0";"2";"4";"1";"3.90";"EUR"
"OX416D2";"Масляный фильтр";"MAHLE FILTERS";">10";"8";"3";"10";"4";"2.60";"EUR"
"OX418D";"Фильтр масляный Mahle";"MAHLE FILTERS";">10";"1";"2";"5";"2";"5.73";"EUR"
"OX41D";"Фильтр масляный Mahle";"MAHLE FILTERS";"0";"1";"1";"1";"0";"4.92";"EUR"
"OX420D";"Фильтр масляный Mahle";"MAHLE FILTERS";"4";"0";"1";"2";"2";"6.30";"EUR"
"OX424D";"Фильтр масляный Mahle";"MAHLE FILTERS";"8";"2";"3";"3";"4";"4.41";"EUR"
"OX436D";"Фильтр масляный Mahle";"MAHLE FILTERS";">10";"2";"2";"7";"2";"5.63";"EUR"
"OX441D";"Фильтр масляный Mahle";"MAHLE FILTERS";">10";"9";"3";">10";"3";"7.05";"EUR"
"OX553D";"Масляный фильтр";"MAHLE FILTERS";"1";"0";"0";"0";"0";"7.72";"EUR"
"OX556D";"Масляный фильтр";"MAHLE FILTERS";"0";"1";"0";"1";"0";"9.47";"EUR"
"OX560D";"Фильтр масляный Mahle";"MAHLE FILTERS";"1";"1";"0";"2";"0";"8.99";"EUR"
"OX636D";"Фильтр масляный Mahle";"MAHLE FILTERS";"1";"0";"0";"0";"0";"7.57";"EUR"
"OX68D";"Фильтр масляный Mahle";"MAHLE FILTERS";"4";"2";"1";"4";"2";"4.58";"EUR"
"OX69D";"Фильтр масляный Mahle";"MAHLE FILTERS";"1";"0";"0";"1";"0";"8.62";"EUR"
"OX773D";"Фильтр масляный Mahle";"MAHLE FILTERS";"1";"0";"0";"1";"0";"8.79";"EUR"
"OX776D";"Фильтр масляный Mahle";"MAHLE FILTERS";"0";"0";"0";"1";"0";"6.65";"EUR"
"OX78D";"Фильтр масляный Mahle";"MAHLE FILTERS";"2";"2";"1";"1";"1";"6.07";"EUR"
"OX813/1D";"Фильтр масляный Mahle";"MAHLE FILTERS";"0";"0";"0";"1";"0";"9.24";"EUR"
"OX814D";"Фильтр масляный Mahle";"MAHLE FILTERS";"0";"0";"0";"1";"0";"8.57";"EUR"
"OX825D";"Фильтр масляный Mahle";"MAHLE FILTERS";"1";"0";"0";"0";"0";"5.57";"EUR"
"OX835D";"Фильтр масляный Mahle";"MAHLE FILTERS";"2";"0";"0";"1";"1";"5.92";"EUR"
"OX92D";"Фильтр масляный Mahle";"MAHLE FILTERS";"5";"4";"1";"4";"1";"6.10";"EUR"
"OX96D";"Фильтр масляный Mahle";"MAHLE FILTERS";">10";"2";"1";"3";"1";"7.12";"EUR"
"OX983D";"Фильтр масляный Mahle";"MAHLE FILTERS";"0";"1";"2";"0";"0";"8.98";"EUR"
"OZ5";"Фильтр масляный Mahle";"MAHLE FILTERS";"3";"1";"0";"2";"1";"10.88";"EUR"
"OZ6";"Фильтр масляный Mahle";"MAHLE FILTERS";"0";"0";"0";"1";"0";"13.30";"EUR"
